order_id,created_at,status,amount,merchant_id,country
5c3ef8170aee697c1ba84361,2015-08-17 5:55:44,ACTIVE,178.79,pk_317b4fc6fd80a5f8fb2ff216,Espana
5c3ef8170aee697c1ba84362,2015-08-17 9:16:55,ACTIVE,141.76,pk_317b4fc6fd80a5f8fb2ff216,Italia
5c3ef8170aee697c1ba84363,2015-08-17 18:25:23,ACTIVE,263.57,pk_317b4fc6fd80a5f8fb2ff216,Espana
5c3c56224490281cfd202df0,2015-12-04 22:22:23,ACTIVE,299,pk_07225590b8fea17e739aa451,Espana
5c347803c3d42e57ea5fe6cb,2015-12-04 23:17:45,ACTIVE,184.99,pk_a3aa2fa07c5436f4c8ca1e03,Alemania
5c3f38c30aee693b32b834c9,2015-12-05 8:40:37,ACTIVE,13.94,pk_d9b9215223a9d14515ae0b42,Espana
5c347803c3d42e57ea5fe6cc,2015-12-05 9:46:28,ACTIVE,165.98,pk_a3aa2fa07c5436f4c8ca1e03,Italia
5c3ef8170aee697c1ba8440b,2015-12-05 15:04:08,ACTIVE,778.85,pk_317b4fc6fd80a5f8fb2ff216,Espana
5c36ff3a3e78fa60e0ad6baf,2015-12-06 8:38:17,ACTIVE,159,pk_736c7094ea96eda38b098f56,Francia
5c3ef8170aee697c1ba8440d,2015-12-06 11:46:56,ACTIVE,202.82,pk_317b4fc6fd80a5f8fb2ff216,Belgica
5c3c56224490281cfd202df1,2015-12-06 15:41:05,ACTIVE,230,pk_07225590b8fea17e739aa451,Francia
5c3ef3f70aee697c1ba7e936,2015-12-06 16:15:07,ACTIVE,251.03,pk_c15afcbd3a31b732f097ba7b,Francia
5c347803c3d42e57ea5fe6cd,2015-12-06 16:51:03,ACTIVE,199.99,pk_a3aa2fa07c5436f4c8ca1e03,Italia
5c3c4cc14490281cfd1fbaca,2015-12-06 18:35:20,ACTIVE,129.85,pk_ead0bcb0b48494683489c4cc,Espana
5c370dfc3e78fa6aacf5cb27,2015-12-06 18:38:11,ACTIVE,1295.95,pk_19d9ed34a670cbd04543ec35,Espana
5c347803c3d42e57ea5fe6ce,2015-12-06 20:13:13,ACTIVE,199.99,pk_a3aa2fa07c5436f4c8ca1e03,Alemania
5c3ef8170aee697c1ba8440e,2015-12-06 23:02:43,ACTIVE,247.82,pk_317b4fc6fd80a5f8fb2ff216,Belgica
5c3ef8170aee697c1ba8440f,2015-12-06 23:13:20,ACTIVE,269.02,pk_317b4fc6fd80a5f8fb2ff216,Espana
5c3ef8170aee697c1ba84410,2015-12-07 10:08:46,ACTIVE,287.98,pk_317b4fc6fd80a5f8fb2ff216,Espana
5c3ef8170aee697c1ba84411,2015-12-07 10:31:51,ACTIVE,304.28,pk_317b4fc6fd80a5f8fb2ff216,Espana
5c370dfc3e78fa6aacf5cb28,2015-12-07 17:10:17,ACTIVE,223.81,pk_19d9ed34a670cbd04543ec35,Espana
5c347803c3d42e57ea5fe6cf,2015-12-07 23:40:46,ACTIVE,810.99,pk_a3aa2fa07c5436f4c8ca1e03,Espana
5c3ef8170aee697c1ba84412,2015-12-08 11:36:25,ACTIVE,165.65,pk_317b4fc6fd80a5f8fb2ff216,Espana
5c36ff3a3e78fa60e0ad6bb0,2015-12-08 12:54:08,ACTIVE,160.2,pk_736c7094ea96eda38b098f56,Espana
5c3ef8170aee697c1ba84413,2015-12-08 16:08:01,ACTIVE,143.36,pk_317b4fc6fd80a5f8fb2ff216,Italia
5c347e48c3d42e5b14de7b07,2015-12-08 17:10:27,ACTIVE,211.24,pk_d3ddf76c585835367a3f43ac,Espana
5c1a2e1a2dea1c29c61969f9,2015-12-08 18:18:43,ACTIVE,156.8,pk_84b75e5fb4e51d491d53e9db,Marruecos
5c3ef6460aee697c1ba82bca,2015-12-09 11:51:24,ACTIVE,148.62,pk_e1af716f8d336aceb6237bf5,Espana
5c3c56224490281cfd202df2,2015-12-09 12:55:02,ACTIVE,687,pk_07225590b8fea17e739aa451,Italia
5c3ef8170aee697c1ba84414,2015-12-09 19:14:49,ACTIVE,193.72,pk_317b4fc6fd80a5f8fb2ff216,Espana
5c3ef3f70aee697c1ba7e938,2015-12-09 20:21:44,ACTIVE,195.76,pk_c15afcbd3a31b732f097ba7b,Espana
5c36ff3a3e78fa60e0ad6bb1,2015-12-09 21:22:40,ACTIVE,142.4,pk_736c7094ea96eda38b098f56,Espana
5c370dfc3e78fa6aacf5cb29,2015-12-10 0:07:29,ACTIVE,292.9,pk_19d9ed34a670cbd04543ec35,Espana
5c3f47730aee6945b24ccf9b,2015-12-10 11:53:47,ACTIVE,399,pk_3c5e8bc924875265f408e2bb,Italia
5c3ef8170aee697c1ba84416,2015-12-10 14:11:15,ACTIVE,245.25,pk_317b4fc6fd80a5f8fb2ff216,Espana
5c3ef7880aee697c1ba83db7,2015-12-10 17:27:35,ACTIVE,484.28,pk_c043467fc2b4369dd6e8b3d3,Francia
5c3ef9760aee697c1ba856bb,2015-12-10 19:45:27,ACTIVE,318.42,pk_5e2e5ad149a74fc894daa0a5,Espana
5c3ef8170aee697c1ba84417,2015-12-10 20:05:48,ACTIVE,206.45,pk_317b4fc6fd80a5f8fb2ff216,Espana
5c3c56224490281cfd202df3,2015-12-11 9:39:43,ACTIVE,369,pk_07225590b8fea17e739aa451,Italia
5c3c56224490281cfd202df4,2015-12-11 10:19:47,ACTIVE,671,pk_07225590b8fea17e739aa451,Belgica
5c3ef3f70aee697c1ba7e939,2015-12-11 11:45:54,ACTIVE,67.75,pk_c15afcbd3a31b732f097ba7b,Marruecos
5c347803c3d42e57ea5fe6d0,2015-12-11 12:06:16,ACTIVE,999,pk_a3aa2fa07c5436f4c8ca1e03,Italia
5c3ef8170aee697c1ba84418,2015-12-11 14:05:58,ACTIVE,160.88,pk_317b4fc6fd80a5f8fb2ff216,Alemania
5c1a2e1a2dea1c29c61969fa,2015-12-11 15:19:22,ACTIVE,219.9,pk_84b75e5fb4e51d491d53e9db,Marruecos
5c3ef47d0aee697c1ba7ff09,2015-12-11 17:00:07,ACTIVE,308,pk_f8d4f3d1c2817966984be471,Francia
5c3ef6460aee697c1ba82bcb,2015-12-11 17:10:07,ACTIVE,217.68,pk_e1af716f8d336aceb6237bf5,Francia
5c347e48c3d42e5b14de7b08,2015-12-11 18:04:13,ACTIVE,230.04,pk_d3ddf76c585835367a3f43ac,Francia
5c370dfc3e78fa6aacf5cb2c,2015-12-11 22:20:29,ACTIVE,1395.95,pk_19d9ed34a670cbd04543ec35,Espana
5c370dfc3e78fa6aacf5cb2d,2015-12-12 16:06:43,ACTIVE,1860.84,pk_19d9ed34a670cbd04543ec35,Espana
5c3f3c800aee693b32c01129,2015-12-12 17:38:01,ACTIVE,295,pk_d045849787ceda2a6bd5c0ef,Espana
5c1a2e1a2dea1c29c61969fb,2015-12-12 20:34:27,ACTIVE,179.99,pk_84b75e5fb4e51d491d53e9db,Espana
5c1a2e1a2dea1c29c61969fc,2015-12-13 0:15:15,ACTIVE,359,pk_84b75e5fb4e51d491d53e9db,Espana
5c3ef8170aee697c1ba84419,2015-12-13 19:41:27,ACTIVE,262.76,pk_317b4fc6fd80a5f8fb2ff216,Espana
5c3ef8170aee697c1ba8441a,2015-12-13 22:06:08,ACTIVE,134.11,pk_317b4fc6fd80a5f8fb2ff216,Alemania
5c3c4d5f4490281cfd1fda56,2015-12-13 23:36:24,ACTIVE,906.85,pk_0ce3951270159edc24e8270b,Espana
5c3ef6460aee697c1ba82bcc,2015-12-14 9:28:30,ACTIVE,70.88,pk_e1af716f8d336aceb6237bf5,Espana
5c3ef8170aee697c1ba8441b,2015-12-14 10:36:47,ACTIVE,468.27,pk_317b4fc6fd80a5f8fb2ff216,Espana
5c370dfc3e78fa6aacf5cb2e,2015-12-14 13:53:22,ACTIVE,232.81,pk_19d9ed34a670cbd04543ec35,Italia
5c347803c3d42e57ea5fe6d2,2015-12-14 14:43:31,ACTIVE,507.99,pk_a3aa2fa07c5436f4c8ca1e03,Italia
5c370dfc3e78fa6aacf5cb2f,2015-12-14 15:04:08,ACTIVE,178.89,pk_19d9ed34a670cbd04543ec35,Espana
5c370ef03e78fa6aacf5f624,2015-12-15 14:41:07,ACTIVE,472.15,pk_c447a91e755425d163df6837,Espana
5c1246517e0dc36918f5315d,2015-12-15 16:52:30,ACTIVE,179,pk_362ec8face1233e278f47d35,Francia
5c347803c3d42e57ea5fe6d3,2015-12-15 17:06:32,ACTIVE,189.99,pk_a3aa2fa07c5436f4c8ca1e03,Espana
5c370ef03e78fa6aacf5f625,2015-12-15 18:24:05,ACTIVE,831.25,pk_c447a91e755425d163df6837,Espana
5c3ef8170aee697c1ba8441c,2015-12-15 18:54:45,ACTIVE,367.88,pk_317b4fc6fd80a5f8fb2ff216,Espana
5c370dfc3e78fa6aacf5cb30,2015-12-15 19:33:55,ACTIVE,275.84,pk_19d9ed34a670cbd04543ec35,Espana
5c370ef03e78fa6aacf5f626,2015-12-15 19:34:27,ACTIVE,140.6,pk_c447a91e755425d163df6837,Belgica
5c370ef03e78fa6aacf5f627,2015-12-15 20:07:23,ACTIVE,679.25,pk_c447a91e755425d163df6837,Espana
5c36ff3a3e78fa60e0ad6bb4,2015-12-15 20:52:02,ACTIVE,68,pk_736c7094ea96eda38b098f56,Francia
5c3c56224490281cfd202df5,2015-12-15 21:41:00,ACTIVE,158,pk_07225590b8fea17e739aa451,Belgica
5c370dfc3e78fa6aacf5cb31,2015-12-15 21:50:58,ACTIVE,253.77,pk_19d9ed34a670cbd04543ec35,Espana
5c370ef03e78fa6aacf5f628,2015-12-15 22:39:05,ACTIVE,654.55,pk_c447a91e755425d163df6837,Espana
5c3ef8170aee697c1ba8441d,2015-12-16 1:03:11,ACTIVE,643.96,pk_317b4fc6fd80a5f8fb2ff216,Francia
5c370ef03e78fa6aacf5f629,2015-12-16 5:38:16,ACTIVE,326.8,pk_c447a91e755425d163df6837,Italia
5c3ef8170aee697c1ba8441e,2015-12-16 7:43:52,ACTIVE,254.17,pk_317b4fc6fd80a5f8fb2ff216,Espana
5c3f3c800aee693b32c0112a,2015-12-16 7:50:09,ACTIVE,107.1,pk_d045849787ceda2a6bd5c0ef,Espana
5c36ff3a3e78fa60e0ad6bb5,2015-12-16 8:48:55,ACTIVE,62.1,pk_736c7094ea96eda38b098f56,Espana
5c370ef03e78fa6aacf5f62a,2015-12-16 9:09:48,ACTIVE,654.55,pk_c447a91e755425d163df6837,Belgica
5c3ef5e30aee697c1ba82113,2015-12-16 10:36:46,ACTIVE,75.57,pk_743f2fdecb876b75e975c005,Espana
5c3ef47d0aee697c1ba7ff0a,2015-12-16 10:58:12,ACTIVE,458.27,pk_f8d4f3d1c2817966984be471,Francia
5c370ef03e78fa6aacf5f62b,2015-12-16 11:06:13,ACTIVE,546.25,pk_c447a91e755425d163df6837,Portugal
5c1a2d582dea1c29c6194d7b,2015-12-16 12:15:44,ACTIVE,414.9,pk_b9ee4936f19ba28d96f6001e,Espana
5c1a2d582dea1c29c6194d7c,2015-12-16 12:18:26,ACTIVE,314.9,pk_b9ee4936f19ba28d96f6001e,Francia
5c370dfc3e78fa6aacf5cb32,2015-12-16 12:18:58,ACTIVE,793.99,pk_19d9ed34a670cbd04543ec35,Espana
5c370ef03e78fa6aacf5f62c,2015-12-16 13:11:07,ACTIVE,437.97,pk_c447a91e755425d163df6837,Espana
5c3ef8170aee697c1ba8441f,2015-12-16 13:27:56,ACTIVE,182.29,pk_317b4fc6fd80a5f8fb2ff216,Espana
5c3ef8170aee697c1ba84420,2015-12-16 13:54:45,ACTIVE,145.8,pk_317b4fc6fd80a5f8fb2ff216,Francia
5c370dfc3e78fa6aacf5cb33,2015-12-16 15:43:13,ACTIVE,1299,pk_19d9ed34a670cbd04543ec35,Espana
5c1a2d582dea1c29c6194d7d,2015-12-16 16:31:59,ACTIVE,414.9,pk_b9ee4936f19ba28d96f6001e,Alemania
5c1a2d582dea1c29c6194d7e,2015-12-16 17:00:46,ACTIVE,364.9,pk_b9ee4936f19ba28d96f6001e,Francia
5c1a2d582dea1c29c6194d7f,2015-12-16 18:08:57,ACTIVE,427.85,pk_b9ee4936f19ba28d96f6001e,Italia
5c370ef03e78fa6aacf5f62d,2015-12-16 18:25:02,ACTIVE,2197.17,pk_c447a91e755425d163df6837,Espana
5c370dfc3e78fa6aacf5cb34,2015-12-16 18:30:49,ACTIVE,172.9,pk_19d9ed34a670cbd04543ec35,Espana
5c370ef03e78fa6aacf5f62e,2015-12-16 19:04:50,ACTIVE,159.6,pk_c447a91e755425d163df6837,Espana
5c370ef03e78fa6aacf5f62f,2015-12-16 19:27:23,ACTIVE,1505.75,pk_c447a91e755425d163df6837,Francia
5c370ef03e78fa6aacf5f630,2015-12-16 19:55:30,ACTIVE,1790.75,pk_c447a91e755425d163df6837,Portugal
5c1a2e1a2dea1c29c61969fd,2015-12-16 22:21:23,ACTIVE,259.8,pk_84b75e5fb4e51d491d53e9db,Italia
5c370dfc3e78fa6aacf5cb35,2015-12-16 22:52:12,ACTIVE,282.9,pk_19d9ed34a670cbd04543ec35,Espana
5c370dfc3e78fa6aacf5cb36,2015-12-16 23:11:03,ACTIVE,303.9,pk_19d9ed34a670cbd04543ec35,Espana
5c370ef03e78fa6aacf5f631,2015-12-17 1:57:39,ACTIVE,243.68,pk_c447a91e755425d163df6837,Alemania
5c3ef8170aee697c1ba84421,2015-12-17 7:19:46,ACTIVE,270.26,pk_317b4fc6fd80a5f8fb2ff216,Francia
5c370dfc3e78fa6aacf5cb37,2015-12-17 9:08:28,ACTIVE,950,pk_19d9ed34a670cbd04543ec35,Espana
5c1a2d582dea1c29c6194d80,2015-12-17 9:45:26,ACTIVE,377.85,pk_b9ee4936f19ba28d96f6001e,Espana
5c3f47660aee6945b24ccef5,2015-12-17 10:30:05,ACTIVE,289,pk_39869e650858f9c522985d43,Italia
5c370ef03e78fa6aacf5f632,2015-12-17 10:49:48,ACTIVE,463.6,pk_c447a91e755425d163df6837,Francia
5c370ef03e78fa6aacf5f633,2015-12-17 11:38:21,ACTIVE,189.05,pk_c447a91e755425d163df6837,Portugal
5c1a2d582dea1c29c6194d81,2015-12-17 11:44:09,ACTIVE,327.85,pk_b9ee4936f19ba28d96f6001e,Francia
5c1a2d582dea1c29c6194d82,2015-12-17 12:01:06,ACTIVE,27.9,pk_b9ee4936f19ba28d96f6001e,Italia
5c370dfc3e78fa6aacf5cb38,2015-12-17 12:31:41,ACTIVE,228.89,pk_19d9ed34a670cbd04543ec35,Espana
5c370ef03e78fa6aacf5f634,2015-12-17 12:36:45,ACTIVE,675.6,pk_c447a91e755425d163df6837,Espana
5c370ef03e78fa6aacf5f635,2015-12-17 12:43:38,ACTIVE,1686.25,pk_c447a91e755425d163df6837,Espana
5c370ef03e78fa6aacf5f636,2015-12-17 13:14:32,ACTIVE,283.1,pk_c447a91e755425d163df6837,Espana
5c36ff3a3e78fa60e0ad6bb6,2015-12-17 13:24:29,ACTIVE,142.2,pk_736c7094ea96eda38b098f56,Francia
5c370ef03e78fa6aacf5f637,2015-12-17 13:28:25,ACTIVE,776.98,pk_c447a91e755425d163df6837,Espana
5c1a2d582dea1c29c6194d83,2015-12-17 13:37:57,ACTIVE,314.9,pk_b9ee4936f19ba28d96f6001e,Espana
5c3ef6460aee697c1ba82bce,2015-12-17 16:10:05,ACTIVE,100.88,pk_e1af716f8d336aceb6237bf5,Francia
5c3ef47d0aee697c1ba7ff0b,2015-12-17 16:27:07,ACTIVE,203,pk_f8d4f3d1c2817966984be471,Espana
5c3c56224490281cfd202df6,2015-12-17 16:38:58,ACTIVE,338,pk_07225590b8fea17e739aa451,Belgica
5c370ef03e78fa6aacf5f638,2015-12-17 19:04:59,ACTIVE,1895.25,pk_c447a91e755425d163df6837,Espana
5c370dfc3e78fa6aacf5cb39,2015-12-17 20:04:29,ACTIVE,950,pk_19d9ed34a670cbd04543ec35,Espana
5c3ef8170aee697c1ba84422,2015-12-17 20:32:18,ACTIVE,411.81,pk_317b4fc6fd80a5f8fb2ff216,Espana
5c3ef8170aee697c1ba84423,2015-12-17 20:43:29,ACTIVE,228.49,pk_317b4fc6fd80a5f8fb2ff216,Espana
5c347803c3d42e57ea5fe6d4,2015-12-18 8:15:01,ACTIVE,399.99,pk_a3aa2fa07c5436f4c8ca1e03,Espana
5c347803c3d42e57ea5fe6d5,2015-12-18 8:20:30,ACTIVE,423.96,pk_a3aa2fa07c5436f4c8ca1e03,Espana
5c1a2d582dea1c29c6194d85,2015-12-18 10:11:08,ACTIVE,314.9,pk_b9ee4936f19ba28d96f6001e,Francia
5c370dfc3e78fa6aacf5cb3a,2015-12-18 10:25:08,ACTIVE,1299,pk_19d9ed34a670cbd04543ec35,Espana
5c1a2d582dea1c29c6194d86,2015-12-18 10:38:24,ACTIVE,327.85,pk_b9ee4936f19ba28d96f6001e,Espana
5c370dfc3e78fa6aacf5cb3b,2015-12-18 11:45:21,ACTIVE,232.9,pk_19d9ed34a670cbd04543ec35,Espana
5c370ef03e78fa6aacf5f63a,2015-12-18 12:07:54,ACTIVE,654.55,pk_c447a91e755425d163df6837,Francia
5c347803c3d42e57ea5fe6d6,2015-12-18 12:19:26,ACTIVE,299.99,pk_a3aa2fa07c5436f4c8ca1e03,Francia
5c1a2d582dea1c29c6194d87,2015-12-18 13:03:58,ACTIVE,39.05,pk_b9ee4936f19ba28d96f6001e,Italia
5c1a2d582dea1c29c6194d88,2015-12-18 13:04:51,ACTIVE,314.9,pk_b9ee4936f19ba28d96f6001e,Francia
5c1a2d582dea1c29c6194d89,2015-12-18 13:34:40,ACTIVE,427.85,pk_b9ee4936f19ba28d96f6001e,Belgica
5c1a2d582dea1c29c6194d8a,2015-12-18 14:40:17,ACTIVE,327.85,pk_b9ee4936f19ba28d96f6001e,Francia
5c370dfc3e78fa6aacf5cb3c,2015-12-18 15:16:54,ACTIVE,203.8,pk_19d9ed34a670cbd04543ec35,Italia
5c1a2d582dea1c29c6194d8b,2015-12-18 15:17:20,ACTIVE,414.9,pk_b9ee4936f19ba28d96f6001e,Italia
5c370dfc3e78fa6aacf5cb3d,2015-12-18 15:21:35,ACTIVE,203.8,pk_19d9ed34a670cbd04543ec35,Espana
5c3c56224490281cfd202df7,2015-12-18 16:24:52,ACTIVE,1034,pk_07225590b8fea17e739aa451,Francia
5c1a2d582dea1c29c6194d8d,2015-12-18 16:39:24,ACTIVE,314.9,pk_b9ee4936f19ba28d96f6001e,Francia
5c3c56224490281cfd202df8,2015-12-18 17:15:19,ACTIVE,228,pk_07225590b8fea17e739aa451,Francia
5c3c56224490281cfd202df9,2015-12-18 18:45:01,ACTIVE,263.64,pk_07225590b8fea17e739aa451,Belgica
5c3c5db24490282578997e50,2015-12-18 18:56:36,ACTIVE,104.87,pk_8772f8974d5ec2fefe263453,Francia
5c3c56224490281cfd202dfa,2015-12-18 19:15:10,ACTIVE,139,pk_07225590b8fea17e739aa451,Francia
5c370ef03e78fa6aacf5f63b,2015-12-18 20:29:25,ACTIVE,169.1,pk_c447a91e755425d163df6837,Italia
5c370dfc3e78fa6aacf5cb3e,2015-12-18 21:41:45,ACTIVE,2750.99,pk_19d9ed34a670cbd04543ec35,Espana
5c1a2d582dea1c29c6194d8e,2015-12-18 22:02:29,ACTIVE,327.85,pk_b9ee4936f19ba28d96f6001e,Belgica
5c3c56224490281cfd202dfb,2015-12-18 23:55:34,ACTIVE,182,pk_07225590b8fea17e739aa451,Francia
5c1a2d582dea1c29c6194d8f,2015-12-19 0:16:14,ACTIVE,364.9,pk_b9ee4936f19ba28d96f6001e,Espana
5c1a2d582dea1c29c6194d90,2015-12-19 9:40:42,ACTIVE,364.9,pk_b9ee4936f19ba28d96f6001e,Francia
5c370dfc3e78fa6aacf5cb3f,2015-12-19 9:42:03,ACTIVE,1398.95,pk_19d9ed34a670cbd04543ec35,Espana
5c3c56224490281cfd202dfc,2015-12-19 9:51:46,ACTIVE,145,pk_07225590b8fea17e739aa451,Francia
5c3ef8170aee697c1ba84424,2015-12-19 10:13:42,ACTIVE,214.89,pk_317b4fc6fd80a5f8fb2ff216,Espana
5c3ef6460aee697c1ba82bcf,2015-12-19 11:24:09,ACTIVE,61.38,pk_e1af716f8d336aceb6237bf5,Italia
5c36ff3a3e78fa60e0ad6bb7,2015-12-19 12:26:53,ACTIVE,380,pk_736c7094ea96eda38b098f56,Espana
5c3c56224490281cfd202dfd,2015-12-19 13:02:24,ACTIVE,315,pk_07225590b8fea17e739aa451,Espana
5c1a2d582dea1c29c6194d91,2015-12-19 14:12:15,ACTIVE,314.9,pk_b9ee4936f19ba28d96f6001e,Portugal
5c3c56224490281cfd202dfe,2015-12-19 15:44:51,ACTIVE,115,pk_07225590b8fea17e739aa451,Francia
5c36ff3a3e78fa60e0ad6bb8,2015-12-19 17:09:16,ACTIVE,62.1,pk_736c7094ea96eda38b098f56,Espana
5c3c56224490281cfd202dff,2015-12-19 19:40:59,ACTIVE,279,pk_07225590b8fea17e739aa451,Francia
5c3ef6460aee697c1ba82bd0,2015-12-19 19:57:42,ACTIVE,330.64,pk_e1af716f8d336aceb6237bf5,Espana
5c370ef03e78fa6aacf5f63c,2015-12-19 21:01:27,ACTIVE,897.75,pk_c447a91e755425d163df6837,Francia
5c370ef03e78fa6aacf5f63d,2015-12-19 22:01:46,ACTIVE,52.08,pk_c447a91e755425d163df6837,Francia
5c3f47730aee6945b24ccf9c,2015-12-19 22:06:46,ACTIVE,328.9,pk_3c5e8bc924875265f408e2bb,Italia
5c370dfc3e78fa6aacf5cb40,2015-12-19 22:20:07,ACTIVE,563.97,pk_19d9ed34a670cbd04543ec35,Italia
5c3c56224490281cfd202e00,2015-12-20 8:49:06,ACTIVE,230.01,pk_07225590b8fea17e739aa451,Espana
5c370ef03e78fa6aacf5f63e,2015-12-20 11:29:35,ACTIVE,144.4,pk_c447a91e755425d163df6837,Francia
5c370ef03e78fa6aacf5f63f,2015-12-20 12:51:17,ACTIVE,1115.93,pk_c447a91e755425d163df6837,Italia
5c1a2d582dea1c29c6194d93,2015-12-20 15:29:09,ACTIVE,327.85,pk_b9ee4936f19ba28d96f6001e,Francia
5c1a2d582dea1c29c6194d94,2015-12-20 16:56:04,ACTIVE,314.9,pk_b9ee4936f19ba28d96f6001e,Espana
5c347803c3d42e57ea5fe6d7,2015-12-20 16:57:58,ACTIVE,1025,pk_a3aa2fa07c5436f4c8ca1e03,Alemania
5c3c56224490281cfd202e01,2015-12-20 17:13:31,ACTIVE,504,pk_07225590b8fea17e739aa451,Belgica
5c3f47730aee6945b24ccf9d,2015-12-20 19:05:55,ACTIVE,628.9,pk_3c5e8bc924875265f408e2bb,Espana
5c3ef3f70aee697c1ba7e93d,2015-12-20 19:25:47,ACTIVE,233.5,pk_c15afcbd3a31b732f097ba7b,Francia
5c370ef03e78fa6aacf5f640,2015-12-20 20:05:09,ACTIVE,378.1,pk_c447a91e755425d163df6837,Marruecos
5c370ef03e78fa6aacf5f641,2015-12-20 20:09:43,ACTIVE,1371.23,pk_c447a91e755425d163df6837,Francia
5c347803c3d42e57ea5fe6d8,2015-12-20 20:28:48,ACTIVE,799,pk_a3aa2fa07c5436f4c8ca1e03,Espana
5c347803c3d42e57ea5fe6d9,2015-12-20 22:59:53,ACTIVE,205.98,pk_a3aa2fa07c5436f4c8ca1e03,Espana
5c3c56224490281cfd202e02,2015-12-21 7:19:12,ACTIVE,224.01,pk_07225590b8fea17e739aa451,Belgica
5c1a2d582dea1c29c6194d95,2015-12-21 8:30:59,ACTIVE,54,pk_b9ee4936f19ba28d96f6001e,Belgica
5c3ef8170aee697c1ba84425,2015-12-21 8:31:11,ACTIVE,257.19,pk_317b4fc6fd80a5f8fb2ff216,Espana
5c1a2d582dea1c29c6194d96,2015-12-21 8:41:16,ACTIVE,427.85,pk_b9ee4936f19ba28d96f6001e,Italia
5c370dfc3e78fa6aacf5cb41,2015-12-21 9:33:56,ACTIVE,798.64,pk_19d9ed34a670cbd04543ec35,Espana
5c3c56224490281cfd202e03,2015-12-21 10:30:16,ACTIVE,228,pk_07225590b8fea17e739aa451,Espana
5c370ef03e78fa6aacf5f643,2015-12-21 11:03:50,ACTIVE,792.75,pk_c447a91e755425d163df6837,Alemania
5c370dfc3e78fa6aacf5cb42,2015-12-21 11:32:22,ACTIVE,159.69,pk_19d9ed34a670cbd04543ec35,Espana
5c347803c3d42e57ea5fe6da,2015-12-21 11:37:57,ACTIVE,360.94,pk_a3aa2fa07c5436f4c8ca1e03,Espana
5c1a2d582dea1c29c6194d97,2015-12-21 13:13:36,ACTIVE,427.85,pk_b9ee4936f19ba28d96f6001e,Belgica
5c370ef03e78fa6aacf5f644,2015-12-21 13:16:45,ACTIVE,427.71,pk_c447a91e755425d163df6837,Alemania
5c1a2d582dea1c29c6194d98,2015-12-21 13:33:01,ACTIVE,427.85,pk_b9ee4936f19ba28d96f6001e,Belgica
5c370ef03e78fa6aacf5f645,2015-12-21 14:17:27,ACTIVE,579.5,pk_c447a91e755425d163df6837,Espana
5c370dfc3e78fa6aacf5cb43,2015-12-21 15:09:43,ACTIVE,273.9,pk_19d9ed34a670cbd04543ec35,Italia
5c3c56224490281cfd202e04,2015-12-21 15:18:06,ACTIVE,229,pk_07225590b8fea17e739aa451,Francia
5c3ef8170aee697c1ba84426,2015-12-21 15:33:17,ACTIVE,167.1,pk_317b4fc6fd80a5f8fb2ff216,Espana
5c370ef03e78fa6aacf5f647,2015-12-21 16:04:26,ACTIVE,315.11,pk_c447a91e755425d163df6837,Espana
5c1a2d582dea1c29c6194d99,2015-12-21 16:05:41,ACTIVE,372.85,pk_b9ee4936f19ba28d96f6001e,Espana
5c3c56224490281cfd202e05,2015-12-21 16:15:47,ACTIVE,359,pk_07225590b8fea17e739aa451,Espana
5c1a2d582dea1c29c6194d9b,2015-12-21 17:46:38,ACTIVE,755.7,pk_b9ee4936f19ba28d96f6001e,Espana
5c370ef03e78fa6aacf5f649,2015-12-21 19:01:48,ACTIVE,298.06,pk_c447a91e755425d163df6837,Francia
5c36ff3a3e78fa60e0ad6bb9,2015-12-21 20:51:50,ACTIVE,125.1,pk_736c7094ea96eda38b098f56,Espana
5c370ef03e78fa6aacf5f64a,2015-12-21 21:45:15,ACTIVE,399.18,pk_c447a91e755425d163df6837,Marruecos
5c370dfc3e78fa6aacf5cb45,2015-12-21 23:00:36,ACTIVE,303.9,pk_19d9ed34a670cbd04543ec35,Espana
5c36ff3a3e78fa60e0ad6bba,2015-12-22 2:09:09,ACTIVE,180.9,pk_736c7094ea96eda38b098f56,Espana
5c370ef03e78fa6aacf5f64b,2015-12-22 5:05:58,ACTIVE,1229.26,pk_c447a91e755425d163df6837,Marruecos
5c347803c3d42e57ea5fe6db,2015-12-22 9:45:30,ACTIVE,211.97,pk_a3aa2fa07c5436f4c8ca1e03,Italia
5c3ef6460aee697c1ba82bd1,2015-12-22 9:52:48,ACTIVE,412.45,pk_e1af716f8d336aceb6237bf5,Francia
5c370dfc3e78fa6aacf5cb46,2015-12-22 10:32:30,ACTIVE,198.89,pk_19d9ed34a670cbd04543ec35,Italia
5c1a2d582dea1c29c6194d9d,2015-12-22 10:52:35,ACTIVE,427.85,pk_b9ee4936f19ba28d96f6001e,Francia
5c1a2d582dea1c29c6194d9e,2015-12-22 10:59:25,ACTIVE,359.9,pk_b9ee4936f19ba28d96f6001e,Francia
5c370dfc3e78fa6aacf5cb47,2015-12-22 11:08:05,ACTIVE,2960.87,pk_19d9ed34a670cbd04543ec35,Espana
5c3ef8170aee697c1ba84427,2015-12-22 11:45:58,ACTIVE,238.97,pk_317b4fc6fd80a5f8fb2ff216,Espana
5c370dfc3e78fa6aacf5cb48,2015-12-22 12:00:16,ACTIVE,223.81,pk_19d9ed34a670cbd04543ec35,Espana
5c1a2d582dea1c29c6194d9f,2015-12-22 12:08:19,ACTIVE,414.9,pk_b9ee4936f19ba28d96f6001e,Francia
5c370dfc3e78fa6aacf5cb49,2015-12-22 13:07:48,ACTIVE,402.9,pk_19d9ed34a670cbd04543ec35,Espana
5c1a2d582dea1c29c6194da0,2015-12-22 14:44:28,ACTIVE,372.85,pk_b9ee4936f19ba28d96f6001e,Espana
5c370ef03e78fa6aacf5f64c,2015-12-22 15:03:10,ACTIVE,105,pk_c447a91e755425d163df6837,Espana
5c370ef03e78fa6aacf5f64d,2015-12-22 15:41:13,ACTIVE,321.28,pk_c447a91e755425d163df6837,Espana
5c3eea7b0aee69763669a386,2015-12-22 16:03:55,ACTIVE,720,pk_0c6a6ed58a3bb58b3187de8b,Francia
5c370dfc3e78fa6aacf5cb4a,2015-12-22 16:04:41,ACTIVE,306.9,pk_19d9ed34a670cbd04543ec35,Espana
5c1a2d582dea1c29c6194da2,2015-12-22 16:09:10,ACTIVE,427.85,pk_b9ee4936f19ba28d96f6001e,Belgica
5c370dfc3e78fa6aacf5cb4b,2015-12-22 16:24:18,ACTIVE,203.8,pk_19d9ed34a670cbd04543ec35,Espana
5c370dfc3e78fa6aacf5cb4c,2015-12-22 16:34:48,ACTIVE,249.9,pk_19d9ed34a670cbd04543ec35,Espana
5c370ef03e78fa6aacf5f64e,2015-12-22 18:27:55,ACTIVE,386.06,pk_c447a91e755425d163df6837,Espana
5c3c5db24490282578997e51,2015-12-22 19:10:51,ACTIVE,75.05,pk_8772f8974d5ec2fefe263453,Espana
5c1a2d582dea1c29c6194da3,2015-12-22 20:34:09,ACTIVE,359.9,pk_b9ee4936f19ba28d96f6001e,Belgica
5c370dfc3e78fa6aacf5cb4d,2015-12-22 20:38:45,ACTIVE,1299,pk_19d9ed34a670cbd04543ec35,Espana
5c370ef03e78fa6aacf5f64f,2015-12-22 21:17:17,ACTIVE,112.55,pk_c447a91e755425d163df6837,Espana
5c36ff3a3e78fa60e0ad6bbb,2015-12-22 21:22:28,ACTIVE,143.1,pk_736c7094ea96eda38b098f56,Francia
5c3c6193449028257899a015,2015-12-22 22:00:24,ACTIVE,539,pk_048c9dffff8e3f60c2349780,Francia
5c3c56224490281cfd202e06,2015-12-22 22:02:59,ACTIVE,589,pk_07225590b8fea17e739aa451,Espana
5c1a2d582dea1c29c6194da4,2015-12-23 8:19:12,ACTIVE,414.9,pk_b9ee4936f19ba28d96f6001e,Espana
5c3c56224490281cfd202e07,2015-12-23 8:26:50,ACTIVE,652,pk_07225590b8fea17e739aa451,Belgica
5c370dfc3e78fa6aacf5cb4e,2015-12-23 9:46:24,ACTIVE,203.88,pk_19d9ed34a670cbd04543ec35,Espana
5c370dfc3e78fa6aacf5cb4f,2015-12-23 11:28:54,ACTIVE,282.9,pk_19d9ed34a670cbd04543ec35,Espana
5c347e48c3d42e5b14de7b0a,2015-12-23 12:00:14,ACTIVE,15.54,pk_d3ddf76c585835367a3f43ac,Francia
5c370ef03e78fa6aacf5f651,2015-12-23 12:42:16,ACTIVE,1314.35,pk_c447a91e755425d163df6837,Espana
5c370dfc3e78fa6aacf5cb50,2015-12-23 12:53:39,ACTIVE,1299,pk_19d9ed34a670cbd04543ec35,Italia
5c3c4e994490281cfd200368,2015-12-23 14:21:06,ACTIVE,95,pk_782c1982279a2f13dadb5629,Italia
5c370dfc3e78fa6aacf5cb51,2015-12-23 14:21:20,ACTIVE,253.89,pk_19d9ed34a670cbd04543ec35,Italia
5c3f3afd0aee693b32bffd43,2015-12-23 14:29:41,ACTIVE,340,pk_7e3c01a97ef9319f9879350d,Espana
5c370dfc3e78fa6aacf5cb52,2015-12-23 14:37:01,ACTIVE,1199,pk_19d9ed34a670cbd04543ec35,Espana
5c370dfc3e78fa6aacf5cb53,2015-12-23 15:10:03,ACTIVE,282.89,pk_19d9ed34a670cbd04543ec35,Espana
5c3eea7b0aee69763669a387,2015-12-23 15:19:01,ACTIVE,101,pk_0c6a6ed58a3bb58b3187de8b,Espana
5c1a2d582dea1c29c6194da5,2015-12-23 15:29:28,ACTIVE,414.9,pk_b9ee4936f19ba28d96f6001e,Alemania
5c370dfc3e78fa6aacf5cb54,2015-12-23 16:40:21,ACTIVE,282.9,pk_19d9ed34a670cbd04543ec35,Espana
5c3f3a600aee693b32bffb3c,2015-12-23 16:49:43,ACTIVE,389,pk_9ffe8927457ee0d8f10214e4,Italia
5c3ef8170aee697c1ba84428,2015-12-23 17:19:43,ACTIVE,164.51,pk_317b4fc6fd80a5f8fb2ff216,Francia
5c1a2d582dea1c29c6194da6,2015-12-23 18:54:34,ACTIVE,414.9,pk_b9ee4936f19ba28d96f6001e,Francia
5c370ef03e78fa6aacf5f652,2015-12-23 20:28:49,ACTIVE,1863.98,pk_c447a91e755425d163df6837,Francia
5c370dfc3e78fa6aacf5cb55,2015-12-23 20:39:13,ACTIVE,272.9,pk_19d9ed34a670cbd04543ec35,Espana
5c370ef03e78fa6aacf5f653,2015-12-23 21:28:50,ACTIVE,472.89,pk_c447a91e755425d163df6837,Francia
5c3c56224490281cfd202e08,2015-12-23 21:45:01,ACTIVE,410.01,pk_07225590b8fea17e739aa451,Belgica
5c370dfc3e78fa6aacf5cb56,2015-12-23 22:34:37,ACTIVE,301.91,pk_19d9ed34a670cbd04543ec35,Espana
5c3c56224490281cfd202e09,2015-12-23 23:12:28,ACTIVE,599,pk_07225590b8fea17e739aa451,Espana
5c3f3a600aee693b32bffb3d,2015-12-24 0:09:16,ACTIVE,389,pk_9ffe8927457ee0d8f10214e4,Italia
5c370ef03e78fa6aacf5f654,2015-12-24 2:20:43,ACTIVE,264.1,pk_c447a91e755425d163df6837,Marruecos
5c1a2d582dea1c29c6194da7,2015-12-24 7:54:22,ACTIVE,359.9,pk_b9ee4936f19ba28d96f6001e,Francia
5c370dfc3e78fa6aacf5cb57,2015-12-24 9:54:49,ACTIVE,1299,pk_19d9ed34a670cbd04543ec35,Espana
5c3c56224490281cfd202e0a,2015-12-24 10:45:14,ACTIVE,30,pk_07225590b8fea17e739aa451,Francia
5c1a2d582dea1c29c6194da8,2015-12-24 20:18:14,ACTIVE,414.9,pk_b9ee4936f19ba28d96f6001e,Francia
5c347803c3d42e57ea5fe6dc,2015-12-25 0:03:47,ACTIVE,799,pk_a3aa2fa07c5436f4c8ca1e03,Francia
5c3ef8170aee697c1ba84429,2015-12-25 9:27:59,ACTIVE,105.76,pk_317b4fc6fd80a5f8fb2ff216,Espana
5c370dfc3e78fa6aacf5cb58,2015-12-25 10:11:47,ACTIVE,1798.99,pk_19d9ed34a670cbd04543ec35,Espana
5c3ef8170aee697c1ba8442a,2015-12-25 13:30:04,ACTIVE,334.49,pk_317b4fc6fd80a5f8fb2ff216,Francia
5c1a2d582dea1c29c6194daa,2015-12-25 14:16:40,ACTIVE,364.9,pk_b9ee4936f19ba28d96f6001e,Francia
5c370ef03e78fa6aacf5f655,2015-12-25 17:04:06,ACTIVE,489.15,pk_c447a91e755425d163df6837,Espana
5c3c56224490281cfd202e0b,2015-12-25 17:51:40,ACTIVE,170,pk_07225590b8fea17e739aa451,Espana
5c1a2d582dea1c29c6194dab,2015-12-25 19:10:08,ACTIVE,414.9,pk_b9ee4936f19ba28d96f6001e,Francia
5c1a2d582dea1c29c6194dac,2015-12-25 20:16:05,ACTIVE,372.85,pk_b9ee4936f19ba28d96f6001e,Francia
5c1a2d582dea1c29c6194dad,2015-12-25 20:43:30,ACTIVE,314.9,pk_b9ee4936f19ba28d96f6001e,Francia
5c3c56224490281cfd202e0c,2015-12-25 20:47:22,ACTIVE,285,pk_07225590b8fea17e739aa451,Francia
5c370dfc3e78fa6aacf5cb59,2015-12-26 3:03:01,ACTIVE,203.8,pk_19d9ed34a670cbd04543ec35,Italia
5c1a2d582dea1c29c6194dae,2015-12-26 7:06:37,ACTIVE,314.9,pk_b9ee4936f19ba28d96f6001e,Francia
5c3ef8170aee697c1ba8442b,2015-12-26 8:44:25,ACTIVE,205.16,pk_317b4fc6fd80a5f8fb2ff216,Espana
5c3eea7b0aee69763669a388,2015-12-26 12:05:59,ACTIVE,367,pk_0c6a6ed58a3bb58b3187de8b,Francia
5c1a2d582dea1c29c6194db1,2015-12-26 15:00:10,ACTIVE,284.9,pk_b9ee4936f19ba28d96f6001e,Francia
5c1a2d582dea1c29c6194db2,2015-12-26 15:07:58,ACTIVE,327.85,pk_b9ee4936f19ba28d96f6001e,Francia
5c3c56224490281cfd202e0e,2015-12-26 15:51:20,ACTIVE,129,pk_07225590b8fea17e739aa451,Italia
5c370dfc3e78fa6aacf5cb5a,2015-12-26 18:14:29,ACTIVE,292.9,pk_19d9ed34a670cbd04543ec35,Espana
5c3c56224490281cfd202e10,2015-12-27 0:04:07,ACTIVE,79,pk_07225590b8fea17e739aa451,Espana
5c3ef8170aee697c1ba8442c,2015-12-27 1:29:43,ACTIVE,546.06,pk_317b4fc6fd80a5f8fb2ff216,Francia
5c3c56224490281cfd202e11,2015-12-27 8:49:45,ACTIVE,129,pk_07225590b8fea17e739aa451,Belgica
5c1a2d582dea1c29c6194db4,2015-12-27 8:50:34,ACTIVE,327.85,pk_b9ee4936f19ba28d96f6001e,Francia
5c1a2d582dea1c29c6194db5,2015-12-27 9:00:09,ACTIVE,347.85,pk_b9ee4936f19ba28d96f6001e,Marruecos
5c3ef3f70aee697c1ba7e93f,2015-12-27 10:39:16,ACTIVE,413.09,pk_c15afcbd3a31b732f097ba7b,Espana
5c3f47660aee6945b24ccef6,2015-12-27 14:26:46,ACTIVE,679,pk_39869e650858f9c522985d43,Italia
5c1a2d582dea1c29c6194db8,2015-12-27 15:45:46,ACTIVE,327.85,pk_b9ee4936f19ba28d96f6001e,Marruecos
5c1a2d582dea1c29c6194db9,2015-12-27 17:08:43,ACTIVE,284.9,pk_b9ee4936f19ba28d96f6001e,Francia
5c1a2d582dea1c29c6194dbb,2015-12-27 17:43:50,ACTIVE,314.9,pk_b9ee4936f19ba28d96f6001e,Italia
5c3ef47d0aee697c1ba7ff0c,2015-12-27 18:15:43,ACTIVE,171,pk_f8d4f3d1c2817966984be471,Francia
5c3f3cb90aee693b32c0124a,2015-12-27 18:43:59,ACTIVE,50.98,pk_aa25728c14b4af87180b3936,Espana
5c3ef6460aee697c1ba82bd2,2015-12-27 19:33:48,ACTIVE,67.3,pk_e1af716f8d336aceb6237bf5,Portugal
5c3ef8170aee697c1ba8442d,2015-12-27 21:05:35,ACTIVE,255.75,pk_317b4fc6fd80a5f8fb2ff216,Alemania
5c3c4e994490281cfd200369,2015-12-27 22:54:04,ACTIVE,159,pk_782c1982279a2f13dadb5629,Espana
5c1a2d582dea1c29c6194dbd,2015-12-27 22:56:20,ACTIVE,304.9,pk_b9ee4936f19ba28d96f6001e,Marruecos
5c1a2d582dea1c29c6194dbe,2015-12-28 8:49:22,ACTIVE,304.9,pk_b9ee4936f19ba28d96f6001e,Francia
5c1a2d582dea1c29c6194dc0,2015-12-28 9:18:02,ACTIVE,364.9,pk_b9ee4936f19ba28d96f6001e,Espana
5c1a2d582dea1c29c6194dc1,2015-12-28 9:26:21,ACTIVE,317.85,pk_b9ee4936f19ba28d96f6001e,Francia
5c3c56224490281cfd202e12,2015-12-28 10:46:32,ACTIVE,316,pk_07225590b8fea17e739aa451,Espana
5c1a2d582dea1c29c6194dc2,2015-12-28 10:53:55,ACTIVE,317.85,pk_b9ee4936f19ba28d96f6001e,Espana
5c3ef3f70aee697c1ba7e941,2015-12-28 11:30:16,ACTIVE,541.15,pk_c15afcbd3a31b732f097ba7b,Francia
5c1a2d582dea1c29c6194dc3,2015-12-28 11:35:02,ACTIVE,52.02,pk_b9ee4936f19ba28d96f6001e,Francia
5c3ef8170aee697c1ba8442e,2015-12-28 11:57:41,ACTIVE,306.61,pk_317b4fc6fd80a5f8fb2ff216,Francia
5c1a2d582dea1c29c6194dc4,2015-12-28 12:04:27,ACTIVE,327.85,pk_b9ee4936f19ba28d96f6001e,Francia
5c370dfc3e78fa6aacf5cb5b,2015-12-28 12:07:45,ACTIVE,274.9,pk_19d9ed34a670cbd04543ec35,Espana
5c347e48c3d42e5b14de7b0b,2015-12-28 13:00:03,ACTIVE,23.32,pk_d3ddf76c585835367a3f43ac,Espana
5c3c56224490281cfd202e13,2015-12-28 14:55:36,ACTIVE,439,pk_07225590b8fea17e739aa451,Francia
5c1a2d582dea1c29c6194dc6,2015-12-28 15:18:22,ACTIVE,304.9,pk_b9ee4936f19ba28d96f6001e,Francia
5c3ef8170aee697c1ba8442f,2015-12-28 15:53:28,ACTIVE,906.16,pk_317b4fc6fd80a5f8fb2ff216,Espana
5c1a2d582dea1c29c6194dc7,2015-12-28 16:35:18,ACTIVE,364.9,pk_b9ee4936f19ba28d96f6001e,Francia
5c1a2d582dea1c29c6194dc9,2015-12-28 17:48:52,ACTIVE,297.85,pk_b9ee4936f19ba28d96f6001e,Espana
5c3eea7b0aee69763669a389,2015-12-28 18:29:57,ACTIVE,329.9,pk_0c6a6ed58a3bb58b3187de8b,Francia
5c3ef6460aee697c1ba82bd3,2015-12-28 18:37:34,ACTIVE,239.68,pk_e1af716f8d336aceb6237bf5,Francia
5c1a2d582dea1c29c6194dca,2015-12-28 18:39:30,ACTIVE,284.9,pk_b9ee4936f19ba28d96f6001e,Francia
5c1a2d582dea1c29c6194dcb,2015-12-28 18:42:24,ACTIVE,317.85,pk_b9ee4936f19ba28d96f6001e,Belgica
5c1a2d582dea1c29c6194dcc,2015-12-28 19:11:23,ACTIVE,629.8,pk_b9ee4936f19ba28d96f6001e,Portugal
5c1a2d582dea1c29c6194dcd,2015-12-28 19:23:31,ACTIVE,284.9,pk_b9ee4936f19ba28d96f6001e,Belgica
5c370dfc3e78fa6aacf5cb5c,2015-12-28 19:40:02,ACTIVE,218.88,pk_19d9ed34a670cbd04543ec35,Espana
5c3c56224490281cfd202e15,2015-12-28 20:46:05,ACTIVE,519,pk_07225590b8fea17e739aa451,Espana
5c3ef8170aee697c1ba84430,2015-12-28 20:56:54,ACTIVE,386.57,pk_317b4fc6fd80a5f8fb2ff216,Espana
5c347803c3d42e57ea5fe6dd,2015-12-28 21:53:09,ACTIVE,799,pk_a3aa2fa07c5436f4c8ca1e03,Espana
5c3c4cc14490281cfd1fbacb,2015-12-28 22:12:40,ACTIVE,69.95,pk_ead0bcb0b48494683489c4cc,Marruecos
5c1a2d582dea1c29c6194dcf,2015-12-28 22:26:48,ACTIVE,377.85,pk_b9ee4936f19ba28d96f6001e,Espana
5c370dfc3e78fa6aacf5cb5d,2015-12-29 0:25:32,ACTIVE,223.81,pk_19d9ed34a670cbd04543ec35,Espana
5c1a2d582dea1c29c6194dd0,2015-12-29 7:25:39,ACTIVE,314.9,pk_b9ee4936f19ba28d96f6001e,Francia
5c3ef8170aee697c1ba84431,2015-12-29 7:29:26,ACTIVE,511.97,pk_317b4fc6fd80a5f8fb2ff216,Espana
5c1a2d582dea1c29c6194dd1,2015-12-29 9:44:59,ACTIVE,347.85,pk_b9ee4936f19ba28d96f6001e,Espana
5c1a2d582dea1c29c6194dd2,2015-12-29 9:53:52,ACTIVE,347.85,pk_b9ee4936f19ba28d96f6001e,Espana
5c1a2d582dea1c29c6194dd3,2015-12-29 10:34:25,ACTIVE,347.85,pk_b9ee4936f19ba28d96f6001e,Francia
5c1a2d582dea1c29c6194dd4,2015-12-29 11:42:03,ACTIVE,299.9,pk_b9ee4936f19ba28d96f6001e,Francia
5c1a2d582dea1c29c6194dd5,2015-12-29 11:57:02,ACTIVE,327.85,pk_b9ee4936f19ba28d96f6001e,Espana
5c1a2d582dea1c29c6194dd6,2015-12-29 13:11:07,ACTIVE,284.9,pk_b9ee4936f19ba28d96f6001e,Alemania
5c3ef8170aee697c1ba84432,2015-12-29 13:12:15,ACTIVE,124.17,pk_317b4fc6fd80a5f8fb2ff216,Alemania
5c1a2d582dea1c29c6194dd7,2015-12-29 13:17:29,ACTIVE,284.9,pk_b9ee4936f19ba28d96f6001e,Portugal
5c347803c3d42e57ea5fe6de,2015-12-29 13:34:42,ACTIVE,1600,pk_a3aa2fa07c5436f4c8ca1e03,Francia
5c1a2d582dea1c29c6194dd8,2015-12-29 13:51:00,ACTIVE,327.85,pk_b9ee4936f19ba28d96f6001e,Alemania
5c347803c3d42e57ea5fe6df,2015-12-29 13:55:12,ACTIVE,799,pk_a3aa2fa07c5436f4c8ca1e03,Espana
5c3ef8170aee697c1ba84433,2015-12-29 14:04:07,ACTIVE,261.68,pk_317b4fc6fd80a5f8fb2ff216,Espana
5c370dfc3e78fa6aacf5cb5f,2015-12-29 15:35:42,ACTIVE,282.9,pk_19d9ed34a670cbd04543ec35,Espana
5c3c56224490281cfd202e16,2015-12-29 16:30:37,ACTIVE,225,pk_07225590b8fea17e739aa451,Belgica
5c1a2d582dea1c29c6194dd9,2015-12-29 17:30:45,ACTIVE,297.85,pk_b9ee4936f19ba28d96f6001e,Espana
5c1a2d582dea1c29c6194dda,2015-12-29 17:55:24,ACTIVE,334.9,pk_b9ee4936f19ba28d96f6001e,Alemania
5c1a2d582dea1c29c6194ddb,2015-12-29 19:18:05,ACTIVE,327.85,pk_b9ee4936f19ba28d96f6001e,Francia
5c3ef47d0aee697c1ba7ff0e,2015-12-29 20:29:44,ACTIVE,199.2,pk_f8d4f3d1c2817966984be471,Marruecos
5c1a2d582dea1c29c6194ddc,2015-12-29 21:09:55,ACTIVE,317.85,pk_b9ee4936f19ba28d96f6001e,Espana
5c3c56224490281cfd202e17,2015-12-29 21:35:29,ACTIVE,415,pk_07225590b8fea17e739aa451,Espana
5c1a2d582dea1c29c6194ddd,2015-12-29 21:38:02,ACTIVE,304.9,pk_b9ee4936f19ba28d96f6001e,Francia
5c370ef03e78fa6aacf5f656,2015-12-29 22:36:55,ACTIVE,905.7,pk_c447a91e755425d163df6837,Espana
5c1a2d582dea1c29c6194dde,2015-12-29 23:57:40,ACTIVE,364.9,pk_b9ee4936f19ba28d96f6001e,Espana
5c3ef5e30aee697c1ba82114,2015-12-30 0:34:32,ACTIVE,83.77,pk_743f2fdecb876b75e975c005,Espana
5c36ff3a3e78fa60e0ad6bbc,2015-12-30 6:02:05,ACTIVE,159,pk_736c7094ea96eda38b098f56,Francia
5c1a2d582dea1c29c6194ddf,2015-12-30 7:28:59,ACTIVE,755.7,pk_b9ee4936f19ba28d96f6001e,Espana
5c3c56224490281cfd202e18,2015-12-30 8:31:24,ACTIVE,670,pk_07225590b8fea17e739aa451,Italia
5c1a2d582dea1c29c6194de0,2015-12-30 8:53:07,ACTIVE,327.85,pk_b9ee4936f19ba28d96f6001e,Marruecos
5c1a2d582dea1c29c6194de1,2015-12-30 10:17:56,ACTIVE,304.9,pk_b9ee4936f19ba28d96f6001e,Alemania
5c1a2d582dea1c29c6194de3,2015-12-30 10:22:27,ACTIVE,347.85,pk_b9ee4936f19ba28d96f6001e,Espana
5c1a2d582dea1c29c6194de4,2015-12-30 10:58:27,ACTIVE,297.85,pk_b9ee4936f19ba28d96f6001e,Marruecos
5c1a2d582dea1c29c6194de5,2015-12-30 11:03:58,ACTIVE,304.9,pk_b9ee4936f19ba28d96f6001e,Espana
5c370dfc3e78fa6aacf5cb60,2015-12-30 11:17:59,ACTIVE,172.9,pk_19d9ed34a670cbd04543ec35,Francia
5c370ef03e78fa6aacf5f657,2015-12-30 11:55:45,ACTIVE,338.53,pk_c447a91e755425d163df6837,Marruecos
5c3ef8170aee697c1ba84434,2015-12-30 12:10:33,ACTIVE,246.38,pk_317b4fc6fd80a5f8fb2ff216,Francia
5c1a2d582dea1c29c6194de6,2015-12-30 12:38:03,ACTIVE,304.9,pk_b9ee4936f19ba28d96f6001e,Espana
5c1a2d582dea1c29c6194de7,2015-12-30 13:29:06,ACTIVE,297.85,pk_b9ee4936f19ba28d96f6001e,Alemania
5c3c56224490281cfd202e1b,2015-12-30 13:36:38,ACTIVE,519,pk_07225590b8fea17e739aa451,Espana
5c3c56224490281cfd202e1c,2015-12-30 14:55:32,ACTIVE,240,pk_07225590b8fea17e739aa451,Italia
5c1a2d582dea1c29c6194de8,2015-12-30 14:57:30,ACTIVE,334.9,pk_b9ee4936f19ba28d96f6001e,Espana
5c3c56224490281cfd202e1d,2015-12-30 15:23:44,ACTIVE,33,pk_07225590b8fea17e739aa451,Italia
5c370ef03e78fa6aacf5f658,2015-12-30 15:30:37,ACTIVE,482.36,pk_c447a91e755425d163df6837,Marruecos
5c1a2d582dea1c29c6194de9,2015-12-30 15:31:26,ACTIVE,284.9,pk_b9ee4936f19ba28d96f6001e,Alemania
5c1a2d582dea1c29c6194dea,2015-12-30 15:39:34,ACTIVE,304.9,pk_b9ee4936f19ba28d96f6001e,Francia
5c1a2d582dea1c29c6194dec,2015-12-30 16:11:17,ACTIVE,304.9,pk_b9ee4936f19ba28d96f6001e,Espana
5c1a2d582dea1c29c6194ded,2015-12-30 16:48:12,ACTIVE,299.9,pk_b9ee4936f19ba28d96f6001e,Espana
5c1a2d582dea1c29c6194dee,2015-12-30 17:22:03,ACTIVE,284.9,pk_b9ee4936f19ba28d96f6001e,Espana
5c3c4cc14490281cfd1fbacd,2015-12-30 17:45:17,ACTIVE,269.94,pk_ead0bcb0b48494683489c4cc,Alemania
5c1a2d582dea1c29c6194def,2015-12-30 18:07:57,ACTIVE,314.9,pk_b9ee4936f19ba28d96f6001e,Espana
5c1a2d582dea1c29c6194df0,2015-12-30 18:10:11,ACTIVE,347.85,pk_b9ee4936f19ba28d96f6001e,Alemania
5c1a2d582dea1c29c6194df1,2015-12-30 18:30:25,ACTIVE,347.85,pk_b9ee4936f19ba28d96f6001e,Espana
5c3c56224490281cfd202e1e,2015-12-30 18:54:35,ACTIVE,176.99,pk_07225590b8fea17e739aa451,Francia
5c3c56224490281cfd202e1f,2015-12-30 20:19:01,ACTIVE,225,pk_07225590b8fea17e739aa451,Espana
5c3ef6460aee697c1ba82bd4,2015-12-30 20:37:51,ACTIVE,116.06,pk_e1af716f8d336aceb6237bf5,Francia
5c1a2d582dea1c29c6194df3,2015-12-30 21:15:12,ACTIVE,364.9,pk_b9ee4936f19ba28d96f6001e,Marruecos
5c3c4e994490281cfd20036a,2015-12-30 22:00:02,ACTIVE,125,pk_782c1982279a2f13dadb5629,Espana
5c1a2d582dea1c29c6194df4,2015-12-30 23:43:29,ACTIVE,377.85,pk_b9ee4936f19ba28d96f6001e,Espana
5c1a2d582dea1c29c6194df5,2015-12-31 0:08:16,ACTIVE,304.9,pk_b9ee4936f19ba28d96f6001e,Espana
5c3ef6460aee697c1ba82bd5,2015-12-31 7:13:23,ACTIVE,90.02,pk_e1af716f8d336aceb6237bf5,Italia
5c3c56224490281cfd202e20,2015-12-31 10:53:20,ACTIVE,228,pk_07225590b8fea17e739aa451,Francia
5c1a2d582dea1c29c6194df6,2015-12-31 11:41:54,ACTIVE,299.9,pk_b9ee4936f19ba28d96f6001e,Espana
5c1a2d582dea1c29c6194df7,2015-12-31 11:45:30,ACTIVE,347.85,pk_b9ee4936f19ba28d96f6001e,Espana
5c1a2d582dea1c29c6194df8,2015-12-31 12:17:18,ACTIVE,334.9,pk_b9ee4936f19ba28d96f6001e,Espana
5c1a2d582dea1c29c6194df9,2015-12-31 12:34:05,ACTIVE,609.8,pk_b9ee4936f19ba28d96f6001e,Espana
5c1a2d582dea1c29c6194dfa,2015-12-31 13:14:04,ACTIVE,377.85,pk_b9ee4936f19ba28d96f6001e,Alemania
5c1a2d582dea1c29c6194dfc,2015-12-31 16:29:17,ACTIVE,377.85,pk_b9ee4936f19ba28d96f6001e,Francia
5c1a2d582dea1c29c6194dfd,2015-12-31 17:09:24,ACTIVE,39.07,pk_b9ee4936f19ba28d96f6001e,Espana
5c1a2d582dea1c29c6194dfe,2015-12-31 17:57:00,ACTIVE,334.9,pk_b9ee4936f19ba28d96f6001e,Espana
5c1a2d582dea1c29c6194dff,2015-12-31 18:23:56,ACTIVE,589.8,pk_b9ee4936f19ba28d96f6001e,Alemania
5c3c6193449028257899a016,2015-12-31 18:52:22,ACTIVE,336,pk_048c9dffff8e3f60c2349780,Espana
5c1a2d582dea1c29c6194e00,2015-12-31 21:29:17,ACTIVE,725.7,pk_b9ee4936f19ba28d96f6001e,Espana
5c1a2d582dea1c29c6194e02,2015-12-31 21:40:26,ACTIVE,364.9,pk_b9ee4936f19ba28d96f6001e,Alemania
5c1a2d582dea1c29c6194e03,2015-12-31 22:49:14,ACTIVE,304.9,pk_b9ee4936f19ba28d96f6001e,Espana
5c3ef8170aee697c1ba8432a,2015-07-17 16:55:20,CANCELLED,163.08,pk_317b4fc6fd80a5f8fb2ff216,Francia
5c3ef8170aee697c1ba8432b,2015-07-21 11:25:26,CANCELLED,773.14,pk_317b4fc6fd80a5f8fb2ff216,Portugal
5c3ef8170aee697c1ba8432c,2015-07-23 16:52:13,CANCELLED,191.05,pk_317b4fc6fd80a5f8fb2ff216,Alemania
5c3ef8170aee697c1ba8432d,2015-07-23 17:30:59,CANCELLED,235.53,pk_317b4fc6fd80a5f8fb2ff216,Alemania
5c3ef8170aee697c1ba8432e,2015-07-24 14:07:56,CANCELLED,302.06,pk_317b4fc6fd80a5f8fb2ff216,Alemania
5c3ef8170aee697c1ba8432f,2015-07-25 8:46:23,CANCELLED,282.72,pk_317b4fc6fd80a5f8fb2ff216,Marruecos
5c3ef8170aee697c1ba84330,2015-07-25 17:22:06,CANCELLED,440.63,pk_317b4fc6fd80a5f8fb2ff216,Espana
5c3ef8170aee697c1ba84331,2015-07-26 15:00:20,CANCELLED,194.22,pk_317b4fc6fd80a5f8fb2ff216,Francia
5c3ef8170aee697c1ba84332,2015-07-26 15:59:23,CANCELLED,214.24,pk_317b4fc6fd80a5f8fb2ff216,Espana
5c3ef8170aee697c1ba84333,2015-07-26 16:04:24,CANCELLED,217.36,pk_317b4fc6fd80a5f8fb2ff216,Espana
5c3ef8170aee697c1ba84334,2015-07-26 19:57:12,CANCELLED,261.28,pk_317b4fc6fd80a5f8fb2ff216,Italia
5c3ef8170aee697c1ba84335,2015-07-27 9:41:49,CANCELLED,266.17,pk_317b4fc6fd80a5f8fb2ff216,Italia
5c3ef8170aee697c1ba84336,2015-07-28 15:32:34,CANCELLED,356.51,pk_317b4fc6fd80a5f8fb2ff216,Espana
5c3ef8170aee697c1ba84337,2015-07-28 19:43:22,CANCELLED,3.11,pk_317b4fc6fd80a5f8fb2ff216,Alemania
5c3ef8170aee697c1ba84338,2015-07-29 17:13:57,CANCELLED,230.23,pk_317b4fc6fd80a5f8fb2ff216,Marruecos
5c3ef3f70aee697c1ba7e93a,2015-12-14 16:34:53,CANCELLED,423.43,pk_c15afcbd3a31b732f097ba7b,Francia
5c3ef6460aee697c1ba82bcd,2015-12-15 7:31:29,CANCELLED,124.46,pk_e1af716f8d336aceb6237bf5,Italia
5c370ef03e78fa6aacf5f623,2015-12-15 8:21:21,CANCELLED,726.75,pk_c447a91e755425d163df6837,Espana
5c3ef3f70aee697c1ba7e93b,2015-12-15 9:11:09,CANCELLED,137.37,pk_c15afcbd3a31b732f097ba7b,Marruecos
5c3ef7880aee697c1ba83db8,2015-12-15 14:31:18,CANCELLED,768.88,pk_c043467fc2b4369dd6e8b3d3,Francia
5c3ef8170aee697c1ba8433a,2015-07-29 19:13:38,CLOSED,255.26,pk_317b4fc6fd80a5f8fb2ff216,Marruecos
5c3ef8170aee697c1ba84383,2015-09-11 17:51:12,CLOSED,83.74,pk_317b4fc6fd80a5f8fb2ff216,Belgica
5c3ef8170aee697c1ba84386,2015-09-17 10:14:00,CLOSED,369.34,pk_317b4fc6fd80a5f8fb2ff216,Espana
5c3ef8170aee697c1ba843a2,2015-09-30 15:50:48,CLOSED,158.68,pk_317b4fc6fd80a5f8fb2ff216,Espana
5c3ef8170aee697c1ba843a5,2015-10-05 7:05:13,CLOSED,146.17,pk_317b4fc6fd80a5f8fb2ff216,Espana
5c3ef8170aee697c1ba843aa,2015-10-08 8:49:14,CLOSED,115.03,pk_317b4fc6fd80a5f8fb2ff216,Espana
5c3ef3f70aee697c1ba7e920,2015-10-13 15:52:36,CLOSED,33.14,pk_c15afcbd3a31b732f097ba7b,Espana
5c3ef3f70aee697c1ba7e921,2015-10-14 16:23:38,CLOSED,33.14,pk_c15afcbd3a31b732f097ba7b,Espana
5c3ef8170aee697c1ba843b9,2015-10-23 6:46:54,CLOSED,3.16,pk_317b4fc6fd80a5f8fb2ff216,Espana
5c3c5dcf4490282578997f1e,2015-10-23 8:23:36,CLOSED,96.16,pk_1d4d4e98828a9075c16f4be4,Italia
5c3ef8170aee697c1ba843cc,2015-11-02 13:35:34,CLOSED,365.37,pk_317b4fc6fd80a5f8fb2ff216,Espana
5c3ef8170aee697c1ba843d5,2015-11-08 11:43:12,CLOSED,94.98,pk_317b4fc6fd80a5f8fb2ff216,Alemania
5c36ff3a3e78fa60e0ad6ba7,2015-11-10 9:00:02,CLOSED,51.3,pk_736c7094ea96eda38b098f56,Espana
5c3c5f4f44902825789983d1,2015-11-11 13:06:10,CLOSED,109.99,pk_01080aa968230c7329913f12,Espana
5c3ef3f70aee697c1ba7e928,2015-11-12 20:44:13,CLOSED,106.09,pk_c15afcbd3a31b732f097ba7b,Espana
5c3ef8170aee697c1ba843e4,2015-11-18 21:04:22,CLOSED,144.11,pk_317b4fc6fd80a5f8fb2ff216,Francia
5c3ef8170aee697c1ba843e5,2015-11-19 9:33:44,CLOSED,305.34,pk_317b4fc6fd80a5f8fb2ff216,Espana
5c3c56224490281cfd202de4,2015-11-19 17:28:17,CLOSED,52,pk_07225590b8fea17e739aa451,Espana
5c3c56224490281cfd202de8,2015-11-23 9:53:43,CLOSED,192,pk_07225590b8fea17e739aa451,Alemania
5c370dfc3e78fa6aacf5cb1c,2015-11-26 17:28:05,CLOSED,212.9,pk_19d9ed34a670cbd04543ec35,Espana
5c370ef03e78fa6aacf5f621,2015-12-02 10:05:50,CLOSED,11.72,pk_c447a91e755425d163df6837,Espana
5c3ef3f70aee697c1ba7e935,2015-12-02 11:37:37,CLOSED,210.98,pk_c15afcbd3a31b732f097ba7b,Espana
5c3c60894490282578998644,2015-12-03 16:10:58,CLOSED,40,pk_b5d300edc3b40abb7b6b24c0,Espana
5c3c60894490282578998645,2015-12-03 16:22:41,CLOSED,42,pk_b5d300edc3b40abb7b6b24c0,Espana
5c3c56224490281cfd202def,2015-12-04 11:10:23,CLOSED,400,pk_07225590b8fea17e739aa451,Francia
5c347803c3d42e57ea5fe6ca,2015-12-04 21:06:08,CLOSED,928,pk_a3aa2fa07c5436f4c8ca1e03,Belgica
5c3c6193449028257899a014,2015-12-07 15:26:42,CLOSED,267.68,pk_048c9dffff8e3f60c2349780,Francia
5c3f16140aee6922e2ae0e6c,2015-12-09 8:40:32,CLOSED,11.97,pk_84d7c6866eca6160c4f064fa,Italia
5c3c5db24490282578997e4f,2015-12-10 10:27:00,CLOSED,18.67,pk_8772f8974d5ec2fefe263453,Espana
5c3ef7880aee697c1ba83db6,2015-12-10 11:26:32,CLOSED,548.76,pk_c043467fc2b4369dd6e8b3d3,Alemania
5c36ff3a3e78fa60e0ad6bb2,2015-12-10 20:55:53,CLOSED,349.2,pk_736c7094ea96eda38b098f56,Francia
5c36ff3a3e78fa60e0ad6bb3,2015-12-12 11:02:10,CLOSED,260.1,pk_736c7094ea96eda38b098f56,Espana
5c347803c3d42e57ea5fe6d1,2015-12-14 11:48:37,CLOSED,199.99,pk_a3aa2fa07c5436f4c8ca1e03,Italia
5c3c4e994490281cfd200367,2015-12-16 17:21:39,CLOSED,102,pk_782c1982279a2f13dadb5629,Francia
5c1a32bc2dea1c29c6197df1,2015-12-17 11:10:59,CLOSED,189,pk_44bec58739920181ee8bd033,Espana
5c370ef03e78fa6aacf5f639,2015-12-18 8:05:17,CLOSED,115.2,pk_c447a91e755425d163df6837,Italia
5c1a2d582dea1c29c6194d92,2015-12-20 11:43:49,CLOSED,414.9,pk_b9ee4936f19ba28d96f6001e,Italia
5c370ef03e78fa6aacf5f646,2015-12-21 14:42:59,CLOSED,201.06,pk_c447a91e755425d163df6837,Marruecos
5c1a2d582dea1c29c6194d9a,2015-12-21 16:18:50,CLOSED,427.85,pk_b9ee4936f19ba28d96f6001e,Belgica
5c370ef03e78fa6aacf5f648,2015-12-21 16:51:42,CLOSED,198.05,pk_c447a91e755425d163df6837,Espana
5c370ef03e78fa6aacf5f650,2015-12-23 11:46:51,CLOSED,217.05,pk_c447a91e755425d163df6837,Marruecos
5c3f3cb90aee693b32c01249,2015-12-24 18:47:09,CLOSED,6.8,pk_aa25728c14b4af87180b3936,Espana
5c1a2d582dea1c29c6194da9,2015-12-25 13:00:08,CLOSED,327.85,pk_b9ee4936f19ba28d96f6001e,Marruecos
5c3c56224490281cfd202e0d,2015-12-25 23:50:58,CLOSED,589,pk_07225590b8fea17e739aa451,Francia
5c1a2d582dea1c29c6194daf,2015-12-26 8:12:25,CLOSED,427.85,pk_b9ee4936f19ba28d96f6001e,Francia
5c1a2d582dea1c29c6194db6,2015-12-27 11:19:29,CLOSED,317.85,pk_b9ee4936f19ba28d96f6001e,Francia
5c1a2d582dea1c29c6194db7,2015-12-27 15:40:44,CLOSED,327.85,pk_b9ee4936f19ba28d96f6001e,Francia
5c1a2d582dea1c29c6194dc8,2015-12-28 17:13:18,CLOSED,297.85,pk_b9ee4936f19ba28d96f6001e,Francia
5c1a2d582dea1c29c6194dce,2015-12-28 22:22:42,CLOSED,284.9,pk_b9ee4936f19ba28d96f6001e,Espana
5c3c4cc14490281cfd1fbacc,2015-12-29 13:39:44,CLOSED,69.95,pk_ead0bcb0b48494683489c4cc,Francia
5c3c56224490281cfd202e1a,2015-12-30 13:09:01,CLOSED,968,pk_07225590b8fea17e739aa451,Espana
5c3ef6460aee697c1ba82bd6,2015-12-31 12:26:56,CLOSED,116.6,pk_e1af716f8d336aceb6237bf5,Italia
5c3ef8170aee697c1ba84339,2015-07-29 19:08:20,CLOSED,221.62,pk_317b4fc6fd80a5f8fb2ff216,Espana
5c3ef8170aee697c1ba8433b,2015-07-30 8:23:23,CLOSED,296.37,pk_317b4fc6fd80a5f8fb2ff216,Italia
5c3ef8170aee697c1ba8433c,2015-07-30 9:00:48,CLOSED,370.64,pk_317b4fc6fd80a5f8fb2ff216,Francia
5c3ef8170aee697c1ba8433d,2015-07-30 9:37:14,CLOSED,213.05,pk_317b4fc6fd80a5f8fb2ff216,Alemania
5c3ef8170aee697c1ba8433e,2015-07-31 8:08:36,CLOSED,170.53,pk_317b4fc6fd80a5f8fb2ff216,Alemania
5c3ef8170aee697c1ba8433f,2015-07-31 10:30:08,CLOSED,173.85,pk_317b4fc6fd80a5f8fb2ff216,Espana
5c3ef8170aee697c1ba84340,2015-08-01 11:37:34,CLOSED,159,pk_317b4fc6fd80a5f8fb2ff216,Espana
5c3ef8170aee697c1ba84341,2015-08-01 16:48:44,CLOSED,215.16,pk_317b4fc6fd80a5f8fb2ff216,Alemania
5c3ef8170aee697c1ba84342,2015-08-02 16:48:13,CLOSED,247.97,pk_317b4fc6fd80a5f8fb2ff216,Italia
5c3ef8170aee697c1ba84343,2015-08-02 16:49:22,CLOSED,418.7,pk_317b4fc6fd80a5f8fb2ff216,Marruecos
5c3ef8170aee697c1ba84344,2015-08-02 18:05:13,CLOSED,291.8,pk_317b4fc6fd80a5f8fb2ff216,Italia
5c3ef8170aee697c1ba84345,2015-08-02 23:08:27,CLOSED,321.61,pk_317b4fc6fd80a5f8fb2ff216,Espana
5c3ef8170aee697c1ba84346,2015-08-03 16:30:43,CLOSED,403.1,pk_317b4fc6fd80a5f8fb2ff216,Espana
5c3ef9760aee697c1ba856b4,2015-08-03 17:55:24,CLOSED,92.78,pk_5e2e5ad149a74fc894daa0a5,Espana
5c3ef8170aee697c1ba84347,2015-08-03 19:10:20,CLOSED,178.57,pk_317b4fc6fd80a5f8fb2ff216,Italia
5c3ef8170aee697c1ba84348,2015-08-03 22:24:42,CLOSED,137.24,pk_317b4fc6fd80a5f8fb2ff216,Espana
5c3ef8170aee697c1ba84349,2015-08-04 17:36:08,CLOSED,140.62,pk_317b4fc6fd80a5f8fb2ff216,Italia
5c3ef8170aee697c1ba8434a,2015-08-04 18:25:33,CLOSED,434.63,pk_317b4fc6fd80a5f8fb2ff216,Espana
5c3ef8170aee697c1ba8434b,2015-08-05 14:00:01,CLOSED,173.13,pk_317b4fc6fd80a5f8fb2ff216,Alemania
5c3ef8170aee697c1ba8434c,2015-08-05 18:30:23,CLOSED,342.96,pk_317b4fc6fd80a5f8fb2ff216,Italia
5c3ef8170aee697c1ba8434d,2015-08-06 0:32:59,CLOSED,194.92,pk_317b4fc6fd80a5f8fb2ff216,Espana
5c3ef8170aee697c1ba8434e,2015-08-06 8:34:56,CLOSED,309.68,pk_317b4fc6fd80a5f8fb2ff216,Francia
5c3ef8170aee697c1ba8434f,2015-08-08 5:56:26,CLOSED,289.08,pk_317b4fc6fd80a5f8fb2ff216,Italia
5c3ef8170aee697c1ba84350,2015-08-08 12:44:39,CLOSED,339.55,pk_317b4fc6fd80a5f8fb2ff216,Marruecos
5c3ef8170aee697c1ba84351,2015-08-09 12:23:49,CLOSED,321.44,pk_317b4fc6fd80a5f8fb2ff216,Marruecos
5c3ef8170aee697c1ba84352,2015-08-09 21:47:09,CLOSED,321.23,pk_317b4fc6fd80a5f8fb2ff216,Espana
5c3ef8170aee697c1ba84353,2015-08-10 11:25:17,CLOSED,194.65,pk_317b4fc6fd80a5f8fb2ff216,Espana
5c3ef8170aee697c1ba84354,2015-08-10 11:53:43,CLOSED,295.3,pk_317b4fc6fd80a5f8fb2ff216,Espana
5c3ef8170aee697c1ba84355,2015-08-11 9:07:47,CLOSED,428.79,pk_317b4fc6fd80a5f8fb2ff216,Belgica
5c3ef8170aee697c1ba84356,2015-08-11 9:30:25,CLOSED,155.34,pk_317b4fc6fd80a5f8fb2ff216,Espana
5c3ef8170aee697c1ba84357,2015-08-11 10:49:21,CLOSED,697.45,pk_317b4fc6fd80a5f8fb2ff216,Espana
5c3ef8170aee697c1ba84358,2015-08-11 10:59:21,CLOSED,119.16,pk_317b4fc6fd80a5f8fb2ff216,Italia
5c3ef8170aee697c1ba84359,2015-08-11 14:26:10,CLOSED,679.64,pk_317b4fc6fd80a5f8fb2ff216,Portugal
5c3ef8170aee697c1ba8435a,2015-08-11 17:28:29,CLOSED,273.72,pk_317b4fc6fd80a5f8fb2ff216,Francia
5c3ef8170aee697c1ba8435b,2015-08-11 19:33:25,CLOSED,241.44,pk_317b4fc6fd80a5f8fb2ff216,Belgica
5c3ef8170aee697c1ba8435c,2015-08-12 15:10:48,CLOSED,282.43,pk_317b4fc6fd80a5f8fb2ff216,Espana
5c3ef8170aee697c1ba8435d,2015-08-12 17:35:07,CLOSED,202.48,pk_317b4fc6fd80a5f8fb2ff216,Alemania
5c3ef8170aee697c1ba8435e,2015-08-13 11:39:00,CLOSED,150.9,pk_317b4fc6fd80a5f8fb2ff216,Espana
5c3ef8170aee697c1ba84360,2015-08-16 10:56:03,CLOSED,212.86,pk_317b4fc6fd80a5f8fb2ff216,Espana
5c3ef8170aee697c1ba84364,2015-08-18 11:16:12,CLOSED,620.21,pk_317b4fc6fd80a5f8fb2ff216,Marruecos
5c3ef8170aee697c1ba84365,2015-08-18 13:40:28,CLOSED,475.98,pk_317b4fc6fd80a5f8fb2ff216,Espana
5c3ef9760aee697c1ba856b5,2015-08-19 14:30:53,CLOSED,110.11,pk_5e2e5ad149a74fc894daa0a5,Espana
5c3ef9760aee697c1ba856b6,2015-08-19 22:40:50,CLOSED,414.35,pk_5e2e5ad149a74fc894daa0a5,Espana
5c3ef9760aee697c1ba856b7,2015-08-20 11:28:41,CLOSED,427.59,pk_5e2e5ad149a74fc894daa0a5,Espana
5c3ef8170aee697c1ba84366,2015-08-21 10:48:21,CLOSED,170.96,pk_317b4fc6fd80a5f8fb2ff216,Belgica
5c3ef8170aee697c1ba84367,2015-08-22 11:12:28,CLOSED,305.01,pk_317b4fc6fd80a5f8fb2ff216,Marruecos
5c3ef8170aee697c1ba84368,2015-08-24 11:24:32,CLOSED,162.11,pk_317b4fc6fd80a5f8fb2ff216,Espana
5c3ef8170aee697c1ba84369,2015-08-25 22:20:03,CLOSED,546.11,pk_317b4fc6fd80a5f8fb2ff216,Espana
5c3ef8170aee697c1ba8436a,2015-08-26 13:00:02,CLOSED,310.01,pk_317b4fc6fd80a5f8fb2ff216,Belgica
5c3ef9760aee697c1ba856b8,2015-08-27 11:53:11,CLOSED,133.75,pk_5e2e5ad149a74fc894daa0a5,Espana
5c3ef8170aee697c1ba8436b,2015-08-28 17:11:14,CLOSED,180.87,pk_317b4fc6fd80a5f8fb2ff216,Espana
5c3ef8170aee697c1ba8436c,2015-08-31 10:32:45,CLOSED,619.95,pk_317b4fc6fd80a5f8fb2ff216,Portugal
5c3ef8170aee697c1ba8436d,2015-08-31 13:22:18,CLOSED,607.17,pk_317b4fc6fd80a5f8fb2ff216,Espana
5c3c6193449028257899a011,2015-08-31 21:47:55,CLOSED,490,pk_048c9dffff8e3f60c2349780,Espana
5c3ef8170aee697c1ba8436e,2015-09-01 10:22:23,CLOSED,223.31,pk_317b4fc6fd80a5f8fb2ff216,Belgica
5c3ef8170aee697c1ba8436f,2015-09-01 20:49:59,CLOSED,476.49,pk_317b4fc6fd80a5f8fb2ff216,Marruecos
5c3ef8170aee697c1ba84370,2015-09-01 21:28:54,CLOSED,176.15,pk_317b4fc6fd80a5f8fb2ff216,Espana
5c3ef8170aee697c1ba84371,2015-09-03 9:12:25,CLOSED,208.15,pk_317b4fc6fd80a5f8fb2ff216,Marruecos
5c3ef8170aee697c1ba84372,2015-09-03 13:25:56,CLOSED,154,pk_317b4fc6fd80a5f8fb2ff216,Belgica
5c3ef8170aee697c1ba84373,2015-09-03 13:35:59,CLOSED,176.2,pk_317b4fc6fd80a5f8fb2ff216,Belgica
5c3ef5e30aee697c1ba82101,2015-09-04 9:07:34,CLOSED,235.12,pk_743f2fdecb876b75e975c005,Espana
5c3ef8170aee697c1ba84374,2015-09-05 23:06:46,CLOSED,332.94,pk_317b4fc6fd80a5f8fb2ff216,Espana
5c3ef8170aee697c1ba84375,2015-09-06 8:04:57,CLOSED,331.51,pk_317b4fc6fd80a5f8fb2ff216,Espana
5c3ef8170aee697c1ba84376,2015-09-06 18:42:31,CLOSED,183.03,pk_317b4fc6fd80a5f8fb2ff216,Belgica
5c3ef8170aee697c1ba84377,2015-09-07 7:51:41,CLOSED,234.57,pk_317b4fc6fd80a5f8fb2ff216,Espana
5c3ef8170aee697c1ba84378,2015-09-07 9:32:06,CLOSED,327.59,pk_317b4fc6fd80a5f8fb2ff216,Espana
5c3ef8170aee697c1ba84379,2015-09-07 14:56:06,CLOSED,549.38,pk_317b4fc6fd80a5f8fb2ff216,Espana
5c3ef8170aee697c1ba8437a,2015-09-07 16:21:01,CLOSED,366.24,pk_317b4fc6fd80a5f8fb2ff216,Alemania
5c3ef8170aee697c1ba8437b,2015-09-07 17:59:31,CLOSED,178.2,pk_317b4fc6fd80a5f8fb2ff216,Alemania
5c3c6193449028257899a012,2015-09-07 18:26:03,CLOSED,267.2,pk_048c9dffff8e3f60c2349780,Francia
5c3ef8170aee697c1ba8437c,2015-09-07 18:52:54,CLOSED,256.76,pk_317b4fc6fd80a5f8fb2ff216,Espana
5c3ef8170aee697c1ba8437d,2015-09-08 12:41:36,CLOSED,369.04,pk_317b4fc6fd80a5f8fb2ff216,Espana
5c3ef8170aee697c1ba8437e,2015-09-09 9:10:58,CLOSED,205.69,pk_317b4fc6fd80a5f8fb2ff216,Espana
5c3ef8170aee697c1ba8437f,2015-09-09 10:21:53,CLOSED,255.76,pk_317b4fc6fd80a5f8fb2ff216,Marruecos
5c3ef5e30aee697c1ba82102,2015-09-09 19:07:01,CLOSED,701.72,pk_743f2fdecb876b75e975c005,Francia
5c3ef8170aee697c1ba84380,2015-09-09 20:07:06,CLOSED,223.53,pk_317b4fc6fd80a5f8fb2ff216,Espana
5c3ef8170aee697c1ba84381,2015-09-10 8:50:08,CLOSED,436.57,pk_317b4fc6fd80a5f8fb2ff216,Espana
5c3ef8170aee697c1ba84382,2015-09-11 6:53:11,CLOSED,303.71,pk_317b4fc6fd80a5f8fb2ff216,Alemania
5c3ef5e30aee697c1ba82103,2015-09-12 22:28:04,CLOSED,315.01,pk_743f2fdecb876b75e975c005,Francia
5c3ef8170aee697c1ba84384,2015-09-13 10:59:32,CLOSED,753.4,pk_317b4fc6fd80a5f8fb2ff216,Marruecos
5c3ef8170aee697c1ba84385,2015-09-13 12:20:15,CLOSED,102.77,pk_317b4fc6fd80a5f8fb2ff216,Alemania
5c3ef5e30aee697c1ba82104,2015-09-15 21:35:43,CLOSED,141.47,pk_743f2fdecb876b75e975c005,Espana
5c3ef8170aee697c1ba84387,2015-09-17 13:44:40,CLOSED,321.38,pk_317b4fc6fd80a5f8fb2ff216,Italia
5c3ef8170aee697c1ba84388,2015-09-17 16:37:38,CLOSED,303.73,pk_317b4fc6fd80a5f8fb2ff216,Alemania
5c3ef8170aee697c1ba84389,2015-09-18 11:11:16,CLOSED,486.46,pk_317b4fc6fd80a5f8fb2ff216,Alemania
5c3ef5e30aee697c1ba82105,2015-09-18 16:22:05,CLOSED,227.19,pk_743f2fdecb876b75e975c005,Francia
5c3ef8170aee697c1ba8438a,2015-09-19 9:51:49,CLOSED,155.92,pk_317b4fc6fd80a5f8fb2ff216,Espana
5c3ef8170aee697c1ba8438b,2015-09-19 20:37:28,CLOSED,302.57,pk_317b4fc6fd80a5f8fb2ff216,Espana
5c3ef8170aee697c1ba8438c,2015-09-20 14:40:58,CLOSED,362.96,pk_317b4fc6fd80a5f8fb2ff216,Espana
5c3ef8170aee697c1ba8438d,2015-09-21 7:14:43,CLOSED,257.39,pk_317b4fc6fd80a5f8fb2ff216,Francia
5c3ef8170aee697c1ba8438e,2015-09-21 10:28:59,CLOSED,236.12,pk_317b4fc6fd80a5f8fb2ff216,Belgica
5c3ef8170aee697c1ba8438f,2015-09-21 12:36:02,CLOSED,270.08,pk_317b4fc6fd80a5f8fb2ff216,Portugal
5c3ef8170aee697c1ba84390,2015-09-21 13:24:34,CLOSED,418.51,pk_317b4fc6fd80a5f8fb2ff216,Espana
5c3ef8170aee697c1ba84391,2015-09-22 8:31:07,CLOSED,322.02,pk_317b4fc6fd80a5f8fb2ff216,Espana
5c3ef8170aee697c1ba84392,2015-09-22 10:37:12,CLOSED,154,pk_317b4fc6fd80a5f8fb2ff216,Francia
5c3ef8170aee697c1ba84393,2015-09-22 18:17:25,CLOSED,277.76,pk_317b4fc6fd80a5f8fb2ff216,Alemania
5c3ef8170aee697c1ba84394,2015-09-24 10:07:23,CLOSED,333.93,pk_317b4fc6fd80a5f8fb2ff216,Alemania
5c3ef8170aee697c1ba84395,2015-09-25 8:13:58,CLOSED,326.08,pk_317b4fc6fd80a5f8fb2ff216,Espana
5c3ef8170aee697c1ba84396,2015-09-28 7:14:34,CLOSED,298.09,pk_317b4fc6fd80a5f8fb2ff216,Espana
5c3ef8170aee697c1ba84397,2015-09-28 8:39:44,CLOSED,242.63,pk_317b4fc6fd80a5f8fb2ff216,Alemania
5c3ef8170aee697c1ba84398,2015-09-28 9:54:30,CLOSED,353.82,pk_317b4fc6fd80a5f8fb2ff216,Francia
5c3ef5e30aee697c1ba82106,2015-09-28 10:36:12,CLOSED,300.64,pk_743f2fdecb876b75e975c005,Espana
5c3ef8170aee697c1ba84399,2015-09-28 14:03:02,CLOSED,143.14,pk_317b4fc6fd80a5f8fb2ff216,Espana
5c3ef8170aee697c1ba8439a,2015-09-28 14:21:26,CLOSED,366.59,pk_317b4fc6fd80a5f8fb2ff216,Espana
5c3ef8170aee697c1ba8439c,2015-09-28 19:20:04,CLOSED,150.68,pk_317b4fc6fd80a5f8fb2ff216,Espana
5c3ef8170aee697c1ba8439d,2015-09-29 10:53:32,CLOSED,266.49,pk_317b4fc6fd80a5f8fb2ff216,Francia
5c3ef8170aee697c1ba8439e,2015-09-29 13:53:01,CLOSED,580.6,pk_317b4fc6fd80a5f8fb2ff216,Espana
5c3ef8170aee697c1ba8439f,2015-09-29 16:05:13,CLOSED,159.62,pk_317b4fc6fd80a5f8fb2ff216,Espana
5c3ef8170aee697c1ba843a0,2015-09-29 21:30:19,CLOSED,622.81,pk_317b4fc6fd80a5f8fb2ff216,Francia
5c3ef8170aee697c1ba843a1,2015-09-30 15:04:09,CLOSED,234.76,pk_317b4fc6fd80a5f8fb2ff216,Alemania
5c3ef8170aee697c1ba843a3,2015-09-30 16:01:19,CLOSED,141.69,pk_317b4fc6fd80a5f8fb2ff216,Espana
5c3ef5e30aee697c1ba82107,2015-09-30 17:00:40,CLOSED,173.82,pk_743f2fdecb876b75e975c005,Espana
5c3ef8170aee697c1ba843a4,2015-10-01 20:01:20,CLOSED,329.19,pk_317b4fc6fd80a5f8fb2ff216,Espana
5c3ef8170aee697c1ba843a6,2015-10-05 8:07:13,CLOSED,309.44,pk_317b4fc6fd80a5f8fb2ff216,Espana
5c3ef8170aee697c1ba843a7,2015-10-05 10:10:25,CLOSED,660.12,pk_317b4fc6fd80a5f8fb2ff216,Espana
5c3ef5e30aee697c1ba82108,2015-10-05 11:33:34,CLOSED,396.28,pk_743f2fdecb876b75e975c005,Espana
5c3ef5e30aee697c1ba82109,2015-10-05 17:02:38,CLOSED,99.15,pk_743f2fdecb876b75e975c005,Espana
5c3ef9760aee697c1ba856ba,2015-10-06 12:32:40,CLOSED,337.01,pk_5e2e5ad149a74fc894daa0a5,Espana
5c3ef8170aee697c1ba843a8,2015-10-06 13:08:45,CLOSED,459.26,pk_317b4fc6fd80a5f8fb2ff216,Espana
5c3f16d50aee6922e2ae0f65,2015-10-06 22:18:42,CLOSED,329.66,pk_c876d0d9760c6eb580db6e3f,Italia
5c3ef8170aee697c1ba843a9,2015-10-07 11:44:59,CLOSED,294.46,pk_317b4fc6fd80a5f8fb2ff216,Espana
5c3ef8170aee697c1ba843ab,2015-10-09 12:20:20,CLOSED,339.91,pk_317b4fc6fd80a5f8fb2ff216,Francia
5c3ef8170aee697c1ba843ac,2015-10-10 12:03:36,CLOSED,629.24,pk_317b4fc6fd80a5f8fb2ff216,Francia
5c3ef5e30aee697c1ba8210a,2015-10-12 16:25:46,CLOSED,133.04,pk_743f2fdecb876b75e975c005,Italia
5c3ef8170aee697c1ba843ad,2015-10-13 13:10:39,CLOSED,230.31,pk_317b4fc6fd80a5f8fb2ff216,Espana
5c3ef8170aee697c1ba843ae,2015-10-13 14:43:46,CLOSED,275.92,pk_317b4fc6fd80a5f8fb2ff216,Espana
5c3ef8170aee697c1ba843af,2015-10-13 15:26:18,CLOSED,474.46,pk_317b4fc6fd80a5f8fb2ff216,Espana
5c3ef8170aee697c1ba843b0,2015-10-14 6:48:55,CLOSED,273.99,pk_317b4fc6fd80a5f8fb2ff216,Espana
5c3c5ce04490282578997837,2015-10-14 15:12:19,CLOSED,107.99,pk_478b3c646df6789316a5b3e7,Italia
5c3ef8170aee697c1ba843b1,2015-10-14 16:17:41,CLOSED,250.37,pk_317b4fc6fd80a5f8fb2ff216,Alemania
5c3ef5e30aee697c1ba8210b,2015-10-14 21:00:09,CLOSED,147.48,pk_743f2fdecb876b75e975c005,Espana
5c3ef8170aee697c1ba843b2,2015-10-15 11:17:35,CLOSED,166.01,pk_317b4fc6fd80a5f8fb2ff216,Espana
5c3ef5e30aee697c1ba8210c,2015-10-16 9:27:46,CLOSED,98.9,pk_743f2fdecb876b75e975c005,Italia
5c3ef8170aee697c1ba843b3,2015-10-16 10:04:29,CLOSED,363.38,pk_317b4fc6fd80a5f8fb2ff216,Espana
5c3ef8170aee697c1ba843b4,2015-10-19 17:23:53,CLOSED,247.95,pk_317b4fc6fd80a5f8fb2ff216,Francia
5c3ef8170aee697c1ba843b5,2015-10-19 21:04:48,CLOSED,253.18,pk_317b4fc6fd80a5f8fb2ff216,Alemania
5c347803c3d42e57ea5fe6b0,2015-10-21 13:22:18,CLOSED,249.99,pk_a3aa2fa07c5436f4c8ca1e03,Espana
5c3ef3f70aee697c1ba7e922,2015-10-21 21:56:55,CLOSED,377.51,pk_c15afcbd3a31b732f097ba7b,Espana
5c3ef8170aee697c1ba843b6,2015-10-22 14:41:53,CLOSED,464.88,pk_317b4fc6fd80a5f8fb2ff216,Francia
5c3ef8170aee697c1ba843b7,2015-10-22 20:20:38,CLOSED,550.2,pk_317b4fc6fd80a5f8fb2ff216,Espana
5c3ef8170aee697c1ba843b8,2015-10-23 6:39:42,CLOSED,414.98,pk_317b4fc6fd80a5f8fb2ff216,Alemania
5c347803c3d42e57ea5fe6b1,2015-10-23 11:33:07,CLOSED,937.97,pk_a3aa2fa07c5436f4c8ca1e03,Alemania
5c3ef8170aee697c1ba843ba,2015-10-24 11:25:59,CLOSED,327.98,pk_317b4fc6fd80a5f8fb2ff216,Espana
5c3ef5e30aee697c1ba8210d,2015-10-25 15:58:22,CLOSED,122.14,pk_743f2fdecb876b75e975c005,Francia
5c3ef8170aee697c1ba843bb,2015-10-26 10:19:09,CLOSED,192.99,pk_317b4fc6fd80a5f8fb2ff216,Espana
5c3ef8170aee697c1ba843bc,2015-10-26 10:53:24,CLOSED,286.03,pk_317b4fc6fd80a5f8fb2ff216,Espana
5c347803c3d42e57ea5fe6b2,2015-10-26 10:55:30,CLOSED,998.99,pk_a3aa2fa07c5436f4c8ca1e03,Espana
5c3ef8170aee697c1ba843be,2015-10-26 15:50:04,CLOSED,402.2,pk_317b4fc6fd80a5f8fb2ff216,Espana
5c3c5ce04490282578997838,2015-10-26 16:18:50,CLOSED,1439,pk_478b3c646df6789316a5b3e7,Belgica
5c3ef5e30aee697c1ba8210e,2015-10-26 18:26:11,CLOSED,238.1,pk_743f2fdecb876b75e975c005,Espana
5c3ef8170aee697c1ba843bf,2015-10-26 19:25:11,CLOSED,366.93,pk_317b4fc6fd80a5f8fb2ff216,Espana
5c3ef8170aee697c1ba843c0,2015-10-27 8:46:31,CLOSED,591.64,pk_317b4fc6fd80a5f8fb2ff216,Espana
5c3ef8170aee697c1ba843c1,2015-10-27 11:03:59,CLOSED,475.29,pk_317b4fc6fd80a5f8fb2ff216,Francia
5c3ef8170aee697c1ba843c2,2015-10-27 17:35:47,CLOSED,308.11,pk_317b4fc6fd80a5f8fb2ff216,Espana
5c3ef8170aee697c1ba843c3,2015-10-27 21:50:37,CLOSED,116.45,pk_317b4fc6fd80a5f8fb2ff216,Francia
5c3ef8170aee697c1ba843c4,2015-10-28 7:38:05,CLOSED,643.04,pk_317b4fc6fd80a5f8fb2ff216,Espana
5c3ef8170aee697c1ba843c5,2015-10-28 10:55:23,CLOSED,128.09,pk_317b4fc6fd80a5f8fb2ff216,Italia
5c3ef8170aee697c1ba843c7,2015-10-29 8:28:14,CLOSED,186.41,pk_317b4fc6fd80a5f8fb2ff216,Francia
5c3ef8170aee697c1ba843c8,2015-10-29 12:18:56,CLOSED,369.19,pk_317b4fc6fd80a5f8fb2ff216,Espana
5c3ef8170aee697c1ba843c9,2015-10-29 14:19:51,CLOSED,288.17,pk_317b4fc6fd80a5f8fb2ff216,Belgica
5c3f16d50aee6922e2ae0f66,2015-10-30 9:47:25,CLOSED,29.9,pk_c876d0d9760c6eb580db6e3f,Espana
5c3c6193449028257899a013,2015-10-31 11:43:41,CLOSED,380.07,pk_048c9dffff8e3f60c2349780,Espana
5c3ef47d0aee697c1ba7feff,2015-11-01 20:55:42,CLOSED,363.2,pk_f8d4f3d1c2817966984be471,Francia
5c3ef3f70aee697c1ba7e923,2015-11-01 23:07:49,CLOSED,551.25,pk_c15afcbd3a31b732f097ba7b,Italia
5c3ef8170aee697c1ba843ca,2015-11-02 8:04:28,CLOSED,266.55,pk_317b4fc6fd80a5f8fb2ff216,Espana
5c3ef8170aee697c1ba843cb,2015-11-02 9:33:46,CLOSED,174.14,pk_317b4fc6fd80a5f8fb2ff216,Espana
5c347803c3d42e57ea5fe6b3,2015-11-02 15:42:51,CLOSED,599.98,pk_a3aa2fa07c5436f4c8ca1e03,Espana
5c3f47730aee6945b24ccf97,2015-11-02 16:52:15,CLOSED,291.95,pk_3c5e8bc924875265f408e2bb,Italia
5c3ef5e30aee697c1ba8210f,2015-11-02 19:40:12,CLOSED,117.33,pk_743f2fdecb876b75e975c005,Italia
5c3ef8170aee697c1ba843cd,2015-11-02 19:52:18,CLOSED,150.25,pk_317b4fc6fd80a5f8fb2ff216,Espana
5c3ef8170aee697c1ba843cf,2015-11-04 10:51:30,CLOSED,179.92,pk_317b4fc6fd80a5f8fb2ff216,Espana
5c347803c3d42e57ea5fe6b4,2015-11-04 13:20:30,CLOSED,291.63,pk_a3aa2fa07c5436f4c8ca1e03,Alemania
5c3f388b0aee693b32b833b2,2015-11-04 13:57:19,CLOSED,26.5,pk_336471f3ee0b0b4dce0379ab,Espana
5c3ef8170aee697c1ba843d0,2015-11-04 14:03:50,CLOSED,220.03,pk_317b4fc6fd80a5f8fb2ff216,Espana
5c347803c3d42e57ea5fe6b5,2015-11-04 17:45:23,CLOSED,949.05,pk_a3aa2fa07c5436f4c8ca1e03,Belgica
5c347e48c3d42e5b14de7afe,2015-11-05 12:29:11,CLOSED,845.04,pk_d3ddf76c585835367a3f43ac,Espana
5c3ef8170aee697c1ba843d1,2015-11-05 12:50:31,CLOSED,268.47,pk_317b4fc6fd80a5f8fb2ff216,Alemania
5c3ef8170aee697c1ba843d2,2015-11-05 22:55:48,CLOSED,387.2,pk_317b4fc6fd80a5f8fb2ff216,Espana
5c3ef3f70aee697c1ba7e924,2015-11-06 5:48:00,CLOSED,149.01,pk_c15afcbd3a31b732f097ba7b,Espana
5c3ef8170aee697c1ba843d3,2015-11-06 8:55:49,CLOSED,316.05,pk_317b4fc6fd80a5f8fb2ff216,Espana
5c347803c3d42e57ea5fe6b6,2015-11-06 11:13:07,CLOSED,810.99,pk_a3aa2fa07c5436f4c8ca1e03,Espana
5c347803c3d42e57ea5fe6b8,2015-11-06 21:31:22,CLOSED,1249,pk_a3aa2fa07c5436f4c8ca1e03,Belgica
5c347803c3d42e57ea5fe6b9,2015-11-08 11:55:31,CLOSED,408.98,pk_a3aa2fa07c5436f4c8ca1e03,Espana
5c3ef8170aee697c1ba843d6,2015-11-08 12:43:36,CLOSED,517.78,pk_317b4fc6fd80a5f8fb2ff216,Belgica
5c3ef47d0aee697c1ba7ff00,2015-11-08 15:32:56,CLOSED,73.42,pk_f8d4f3d1c2817966984be471,Espana
5c3ef47d0aee697c1ba7ff01,2015-11-08 17:36:29,CLOSED,381.01,pk_f8d4f3d1c2817966984be471,Marruecos
5c3ef8170aee697c1ba843d7,2015-11-08 18:40:19,CLOSED,154.65,pk_317b4fc6fd80a5f8fb2ff216,Francia
5c3f47730aee6945b24ccf98,2015-11-08 20:16:47,CLOSED,319,pk_3c5e8bc924875265f408e2bb,Espana
5c347803c3d42e57ea5fe6ba,2015-11-09 1:07:51,CLOSED,299.99,pk_a3aa2fa07c5436f4c8ca1e03,Espana
5c3ef8170aee697c1ba843d8,2015-11-09 13:08:21,CLOSED,310.05,pk_317b4fc6fd80a5f8fb2ff216,Espana
5c3c5dcf4490282578997f1f,2015-11-09 21:14:52,CLOSED,304.81,pk_1d4d4e98828a9075c16f4be4,Belgica
5c3ef3f70aee697c1ba7e925,2015-11-10 9:59:52,CLOSED,355.06,pk_c15afcbd3a31b732f097ba7b,Espana
5c3ef8170aee697c1ba843d9,2015-11-10 10:19:02,CLOSED,268.39,pk_317b4fc6fd80a5f8fb2ff216,Espana
5c3ef47d0aee697c1ba7ff02,2015-11-10 11:49:24,CLOSED,112.7,pk_f8d4f3d1c2817966984be471,Espana
5c36ff3a3e78fa60e0ad6ba8,2015-11-10 11:56:59,CLOSED,179,pk_736c7094ea96eda38b098f56,Francia
5c3f47730aee6945b24ccf99,2015-11-10 12:52:05,CLOSED,319,pk_3c5e8bc924875265f408e2bb,Francia
5c3ef8170aee697c1ba843da,2015-11-10 15:13:59,CLOSED,281.27,pk_317b4fc6fd80a5f8fb2ff216,Italia
5c3ef3f70aee697c1ba7e926,2015-11-10 15:21:33,CLOSED,911.86,pk_c15afcbd3a31b732f097ba7b,Espana
5c3ef47d0aee697c1ba7ff03,2015-11-10 18:11:25,CLOSED,135.76,pk_f8d4f3d1c2817966984be471,Espana
5c36ff3a3e78fa60e0ad6ba9,2015-11-10 19:33:52,CLOSED,205,pk_736c7094ea96eda38b098f56,Espana
5c3ef6460aee697c1ba82bc5,2015-11-10 22:18:28,CLOSED,0.6,pk_e1af716f8d336aceb6237bf5,Italia
5c3ef8170aee697c1ba843db,2015-11-11 13:30:17,CLOSED,154.59,pk_317b4fc6fd80a5f8fb2ff216,Italia
5c347e48c3d42e5b14de7aff,2015-11-11 14:47:58,CLOSED,170.38,pk_d3ddf76c585835367a3f43ac,Espana
5c3ef8170aee697c1ba843dc,2015-11-11 15:10:02,CLOSED,479.54,pk_317b4fc6fd80a5f8fb2ff216,Espana
5c3ef47d0aee697c1ba7ff04,2015-11-11 15:28:02,CLOSED,120.85,pk_f8d4f3d1c2817966984be471,Francia
5c347e48c3d42e5b14de7b00,2015-11-11 16:53:33,CLOSED,57.22,pk_d3ddf76c585835367a3f43ac,Francia
5c3f3cb90aee693b32c01245,2015-11-12 9:39:50,CLOSED,0.8,pk_aa25728c14b4af87180b3936,Espana
5c3c4cc14490281cfd1fbabe,2015-11-12 10:59:02,CLOSED,99.9,pk_ead0bcb0b48494683489c4cc,Alemania
5c36ff3a3e78fa60e0ad6baa,2015-11-12 12:12:24,CLOSED,219,pk_736c7094ea96eda38b098f56,Francia
5c3ef5e30aee697c1ba82110,2015-11-12 12:37:52,CLOSED,123.84,pk_743f2fdecb876b75e975c005,Italia
5c347e48c3d42e5b14de7b01,2015-11-12 12:50:31,CLOSED,1898.85,pk_d3ddf76c585835367a3f43ac,Espana
5c347803c3d42e57ea5fe6bb,2015-11-12 13:30:38,CLOSED,649,pk_a3aa2fa07c5436f4c8ca1e03,Portugal
5c3c4d5f4490281cfd1fda52,2015-11-12 15:38:53,CLOSED,716.99,pk_0ce3951270159edc24e8270b,Francia
5c347e48c3d42e5b14de7b02,2015-11-12 15:47:13,CLOSED,251.35,pk_d3ddf76c585835367a3f43ac,Espana
5c3ef8170aee697c1ba843dd,2015-11-12 21:53:37,CLOSED,367.45,pk_317b4fc6fd80a5f8fb2ff216,Espana
5c3ef8170aee697c1ba843df,2015-11-13 18:04:22,CLOSED,298.44,pk_317b4fc6fd80a5f8fb2ff216,Francia
5c3c4cc14490281cfd1fbabf,2015-11-13 18:13:45,CLOSED,0.95,pk_ead0bcb0b48494683489c4cc,Espana
5c3ef8170aee697c1ba843e0,2015-11-13 21:49:11,CLOSED,268.88,pk_317b4fc6fd80a5f8fb2ff216,Espana
5c36ff3a3e78fa60e0ad6bab,2015-11-13 22:22:53,CLOSED,359.1,pk_736c7094ea96eda38b098f56,Espana
5c3ef8170aee697c1ba843e1,2015-11-14 18:43:30,CLOSED,485.88,pk_317b4fc6fd80a5f8fb2ff216,Espana
5c3c5f4f44902825789983d2,2015-11-14 20:07:17,CLOSED,340,pk_01080aa968230c7329913f12,Espana
5c3f3c800aee693b32c01126,2015-11-15 12:26:17,CLOSED,265.5,pk_d045849787ceda2a6bd5c0ef,Italia
5c347803c3d42e57ea5fe6bc,2015-11-15 20:24:51,CLOSED,325.97,pk_a3aa2fa07c5436f4c8ca1e03,Espana
5c3ef3f70aee697c1ba7e929,2015-11-16 1:32:54,CLOSED,304.87,pk_c15afcbd3a31b732f097ba7b,Espana
5c347803c3d42e57ea5fe6bd,2015-11-16 19:26:54,CLOSED,834.97,pk_a3aa2fa07c5436f4c8ca1e03,Francia
5c3ef3f70aee697c1ba7e92a,2015-11-17 10:35:30,CLOSED,994.06,pk_c15afcbd3a31b732f097ba7b,Francia
5c3ef8170aee697c1ba843e2,2015-11-17 17:02:30,CLOSED,256.25,pk_317b4fc6fd80a5f8fb2ff216,Belgica
5c3ef8170aee697c1ba843e3,2015-11-17 21:11:53,CLOSED,141.47,pk_317b4fc6fd80a5f8fb2ff216,Italia
5c347803c3d42e57ea5fe6be,2015-11-18 12:47:47,CLOSED,650.98,pk_a3aa2fa07c5436f4c8ca1e03,Belgica
5c3c5f4f44902825789983d3,2015-11-19 13:09:11,CLOSED,360,pk_01080aa968230c7329913f12,Espana
5c3ef8170aee697c1ba843e6,2015-11-19 18:51:02,CLOSED,162.41,pk_317b4fc6fd80a5f8fb2ff216,Portugal
5c347803c3d42e57ea5fe6bf,2015-11-20 8:55:27,CLOSED,325.97,pk_a3aa2fa07c5436f4c8ca1e03,Italia
5c3c56224490281cfd202de5,2015-11-20 9:14:45,CLOSED,428,pk_07225590b8fea17e739aa451,Espana
5c3c4cc14490281cfd1fbac0,2015-11-20 16:20:41,CLOSED,63.85,pk_ead0bcb0b48494683489c4cc,Francia
5c3ef3f70aee697c1ba7e92b,2015-11-20 17:20:14,CLOSED,0.74,pk_c15afcbd3a31b732f097ba7b,Espana
5c3ef8170aee697c1ba843e7,2015-11-21 10:35:10,CLOSED,177.43,pk_317b4fc6fd80a5f8fb2ff216,Alemania
5c3f3cb90aee693b32c01246,2015-11-21 14:49:29,CLOSED,169,pk_aa25728c14b4af87180b3936,Italia
5c3ef8170aee697c1ba843e8,2015-11-21 15:48:57,CLOSED,349.15,pk_317b4fc6fd80a5f8fb2ff216,Espana
5c347803c3d42e57ea5fe6c0,2015-11-22 0:07:57,CLOSED,700,pk_a3aa2fa07c5436f4c8ca1e03,Belgica
5c3ef3f70aee697c1ba7e92c,2015-11-22 14:11:08,CLOSED,1089.84,pk_c15afcbd3a31b732f097ba7b,Espana
5c3ef5e30aee697c1ba82111,2015-11-22 14:18:18,CLOSED,0.53,pk_743f2fdecb876b75e975c005,Espana
5c3ef8170aee697c1ba843e9,2015-11-22 18:33:28,CLOSED,172.88,pk_317b4fc6fd80a5f8fb2ff216,Italia
5c3ef3f70aee697c1ba7e92d,2015-11-23 0:37:24,CLOSED,396.41,pk_c15afcbd3a31b732f097ba7b,Belgica
5c347803c3d42e57ea5fe6c1,2015-11-23 10:41:34,CLOSED,325.97,pk_a3aa2fa07c5436f4c8ca1e03,Belgica
5c3ef8170aee697c1ba843ea,2015-11-23 12:11:27,CLOSED,137.98,pk_317b4fc6fd80a5f8fb2ff216,Espana
5c370dfc3e78fa6aacf5cb13,2015-11-23 12:36:37,CLOSED,222.9,pk_19d9ed34a670cbd04543ec35,Espana
5c36ff3a3e78fa60e0ad6bac,2015-11-24 8:52:38,CLOSED,449,pk_736c7094ea96eda38b098f56,Francia
5c370dfc3e78fa6aacf5cb14,2015-11-24 10:02:09,CLOSED,153.79,pk_19d9ed34a670cbd04543ec35,Francia
5c3c5f4f44902825789983d4,2015-11-24 10:22:36,CLOSED,360,pk_01080aa968230c7329913f12,Espana
5c3ef8170aee697c1ba843eb,2015-11-24 17:31:30,CLOSED,337.26,pk_317b4fc6fd80a5f8fb2ff216,Espana
5c3c5dcf4490282578997f20,2015-11-24 17:48:18,CLOSED,157.07,pk_1d4d4e98828a9075c16f4be4,Espana
5c370dfc3e78fa6aacf5cb15,2015-11-24 18:27:00,CLOSED,1508.84,pk_19d9ed34a670cbd04543ec35,Espana
5c3ef8170aee697c1ba843ec,2015-11-24 19:20:16,CLOSED,248.57,pk_317b4fc6fd80a5f8fb2ff216,Espana
5c3ef47d0aee697c1ba7ff05,2015-11-24 23:04:14,CLOSED,470.5,pk_f8d4f3d1c2817966984be471,Francia
5c3ef5e30aee697c1ba82112,2015-11-25 1:31:38,CLOSED,405.1,pk_743f2fdecb876b75e975c005,Belgica
5c370dfc3e78fa6aacf5cb16,2015-11-25 8:08:26,CLOSED,303.9,pk_19d9ed34a670cbd04543ec35,Espana
5c347803c3d42e57ea5fe6c2,2015-11-25 10:43:29,CLOSED,1349.97,pk_a3aa2fa07c5436f4c8ca1e03,Belgica
5c3c4d5f4490281cfd1fda53,2015-11-25 14:31:58,CLOSED,978.99,pk_0ce3951270159edc24e8270b,Espana
5c3ef8170aee697c1ba843ee,2015-11-25 15:55:57,CLOSED,254.17,pk_317b4fc6fd80a5f8fb2ff216,Espana
5c3ef3f70aee697c1ba7e92e,2015-11-25 15:58:39,CLOSED,0.34,pk_c15afcbd3a31b732f097ba7b,Espana
5c347803c3d42e57ea5fe6c3,2015-11-25 20:55:27,CLOSED,799,pk_a3aa2fa07c5436f4c8ca1e03,Espana
5c370dfc3e78fa6aacf5cb17,2015-11-25 23:49:13,CLOSED,203.8,pk_19d9ed34a670cbd04543ec35,Espana
5c370dfc3e78fa6aacf5cb18,2015-11-26 8:27:18,CLOSED,244.2,pk_19d9ed34a670cbd04543ec35,Espana
5c370dfc3e78fa6aacf5cb19,2015-11-26 8:55:12,CLOSED,1199,pk_19d9ed34a670cbd04543ec35,Francia
5c3c5f4f44902825789983d5,2015-11-26 10:19:24,CLOSED,320,pk_01080aa968230c7329913f12,Francia
5c370dfc3e78fa6aacf5cb1a,2015-11-26 11:13:03,CLOSED,270.32,pk_19d9ed34a670cbd04543ec35,Espana
5c3c56224490281cfd202de9,2015-11-26 11:49:34,CLOSED,456,pk_07225590b8fea17e739aa451,Espana
5c370dfc3e78fa6aacf5cb1b,2015-11-26 13:46:56,CLOSED,212.9,pk_19d9ed34a670cbd04543ec35,Francia
5c370dfc3e78fa6aacf5cb25,2015-11-26 19:48:47,CLOSED,212.9,pk_19d9ed34a670cbd04543ec35,Espana
5c3ef8170aee697c1ba843ef,2015-11-26 21:14:41,CLOSED,706.65,pk_317b4fc6fd80a5f8fb2ff216,Espana
5c3ef8170aee697c1ba843f0,2015-11-26 21:26:40,CLOSED,215.38,pk_317b4fc6fd80a5f8fb2ff216,Belgica
5c3ef3f70aee697c1ba7e92f,2015-11-26 22:41:57,CLOSED,502.45,pk_c15afcbd3a31b732f097ba7b,Portugal
5c370dfc3e78fa6aacf5cb1d,2015-11-26 23:28:28,CLOSED,292.9,pk_19d9ed34a670cbd04543ec35,Espana
5c3c4cc14490281cfd1fbac1,2015-11-26 23:42:02,CLOSED,55.92,pk_ead0bcb0b48494683489c4cc,Alemania
5c370dfc3e78fa6aacf5cb1e,2015-11-27 0:35:23,CLOSED,212.9,pk_19d9ed34a670cbd04543ec35,Espana
5c3c56224490281cfd202dea,2015-11-27 8:46:30,CLOSED,385,pk_07225590b8fea17e739aa451,Espana
5c3ef6460aee697c1ba82bc6,2015-11-27 9:01:49,CLOSED,242.32,pk_e1af716f8d336aceb6237bf5,Italia
5c3ef8170aee697c1ba843f1,2015-11-27 9:06:24,CLOSED,118.36,pk_317b4fc6fd80a5f8fb2ff216,Espana
5c370dfc3e78fa6aacf5cb1f,2015-11-27 9:44:35,CLOSED,221.9,pk_19d9ed34a670cbd04543ec35,Espana
5c347803c3d42e57ea5fe6c4,2015-11-27 10:17:15,CLOSED,834.97,pk_a3aa2fa07c5436f4c8ca1e03,Espana
5c3ef8170aee697c1ba843f2,2015-11-27 11:02:51,CLOSED,683.89,pk_317b4fc6fd80a5f8fb2ff216,Belgica
5c3ef8170aee697c1ba843f3,2015-11-27 11:06:33,CLOSED,139.05,pk_317b4fc6fd80a5f8fb2ff216,Italia
5c3ef8170aee697c1ba843f4,2015-11-27 11:18:37,CLOSED,328.54,pk_317b4fc6fd80a5f8fb2ff216,Belgica
5c3c4cc14490281cfd1fbac2,2015-11-27 11:40:25,CLOSED,95.88,pk_ead0bcb0b48494683489c4cc,Espana
5c3c4d5f4490281cfd1fda54,2015-11-27 11:58:58,CLOSED,1266.94,pk_0ce3951270159edc24e8270b,Marruecos
5c347e48c3d42e5b14de7b03,2015-11-27 12:15:10,CLOSED,333.71,pk_d3ddf76c585835367a3f43ac,Francia
5c3ef8170aee697c1ba843f5,2015-11-27 12:17:59,CLOSED,458.25,pk_317b4fc6fd80a5f8fb2ff216,Belgica
5c3ef8170aee697c1ba843f6,2015-11-27 12:49:59,CLOSED,246.01,pk_317b4fc6fd80a5f8fb2ff216,Italia
5c3ef3f70aee697c1ba7e930,2015-11-27 13:56:22,CLOSED,0.53,pk_c15afcbd3a31b732f097ba7b,Alemania
5c3ef6460aee697c1ba82bc7,2015-11-27 14:19:54,CLOSED,133.88,pk_e1af716f8d336aceb6237bf5,Espana
5c3ef8170aee697c1ba843f7,2015-11-27 15:46:08,CLOSED,177.43,pk_317b4fc6fd80a5f8fb2ff216,Espana
5c370dfc3e78fa6aacf5cb20,2015-11-27 15:50:50,CLOSED,1519.07,pk_19d9ed34a670cbd04543ec35,Espana
5c3ef3f70aee697c1ba7e931,2015-11-27 19:48:54,CLOSED,1740.7,pk_c15afcbd3a31b732f097ba7b,Francia
5c3c4cc14490281cfd1fbac3,2015-11-27 19:57:18,CLOSED,129.83,pk_ead0bcb0b48494683489c4cc,Marruecos
5c3c4cc14490281cfd1fbac4,2015-11-27 21:09:33,CLOSED,63.9,pk_ead0bcb0b48494683489c4cc,Italia
5c3c4cc14490281cfd1fbac5,2015-11-27 21:42:00,CLOSED,135.84,pk_ead0bcb0b48494683489c4cc,Belgica
5c3c4cc14490281cfd1fbac6,2015-11-28 8:01:39,CLOSED,103.92,pk_ead0bcb0b48494683489c4cc,Alemania
5c3ef8170aee697c1ba843f8,2015-11-28 10:33:26,CLOSED,399.8,pk_317b4fc6fd80a5f8fb2ff216,Belgica
5c347803c3d42e57ea5fe6c5,2015-11-28 19:12:25,CLOSED,371.93,pk_a3aa2fa07c5436f4c8ca1e03,Espana
5c3f3cb90aee693b32c01247,2015-11-28 19:38:09,CLOSED,27.98,pk_aa25728c14b4af87180b3936,Italia
5c3ef8170aee697c1ba843f9,2015-11-28 22:11:24,CLOSED,178.91,pk_317b4fc6fd80a5f8fb2ff216,Italia
5c36ff3a3e78fa60e0ad6bae,2015-11-28 23:42:45,CLOSED,179.1,pk_736c7094ea96eda38b098f56,Espana
5c3f3c800aee693b32c01127,2015-11-29 19:09:05,CLOSED,139.5,pk_d045849787ceda2a6bd5c0ef,Italia
5c3c4d5f4490281cfd1fda55,2015-11-29 19:17:06,CLOSED,826.89,pk_0ce3951270159edc24e8270b,Alemania
5c347803c3d42e57ea5fe6c6,2015-11-29 21:07:51,CLOSED,349.98,pk_a3aa2fa07c5436f4c8ca1e03,Italia
5c3ef8170aee697c1ba843fa,2015-11-29 21:41:36,CLOSED,274.59,pk_317b4fc6fd80a5f8fb2ff216,Alemania
5c370dfc3e78fa6aacf5cb21,2015-11-29 22:23:50,CLOSED,1229,pk_19d9ed34a670cbd04543ec35,Francia
5c3ef8170aee697c1ba843fb,2015-11-29 23:03:14,CLOSED,191.18,pk_317b4fc6fd80a5f8fb2ff216,Belgica
5c3ef3f70aee697c1ba7e932,2015-11-30 5:29:29,CLOSED,354.54,pk_c15afcbd3a31b732f097ba7b,Italia
5c3ef8170aee697c1ba843fc,2015-11-30 9:57:09,CLOSED,178.4,pk_317b4fc6fd80a5f8fb2ff216,Alemania
5c347e48c3d42e5b14de7b05,2015-11-30 9:59:53,CLOSED,430.01,pk_d3ddf76c585835367a3f43ac,Espana
5c3f3c800aee693b32c01128,2015-11-30 10:11:33,CLOSED,93.5,pk_d045849787ceda2a6bd5c0ef,Italia
5c3ef8170aee697c1ba843fd,2015-11-30 10:30:59,CLOSED,603.06,pk_317b4fc6fd80a5f8fb2ff216,Espana
5c3ef3f70aee697c1ba7e933,2015-11-30 11:56:34,CLOSED,283.8,pk_c15afcbd3a31b732f097ba7b,Italia
5c3ef47d0aee697c1ba7ff06,2015-11-30 13:07:03,CLOSED,352.8,pk_f8d4f3d1c2817966984be471,Espana
5c3ef8170aee697c1ba843fe,2015-11-30 15:11:46,CLOSED,383.55,pk_317b4fc6fd80a5f8fb2ff216,Italia
5c3c56224490281cfd202deb,2015-11-30 16:20:41,CLOSED,146,pk_07225590b8fea17e739aa451,Italia
5c370ef03e78fa6aacf5f620,2015-11-30 16:35:42,CLOSED,22.2,pk_c447a91e755425d163df6837,Italia
5c3c56224490281cfd202dec,2015-11-30 17:56:07,CLOSED,135,pk_07225590b8fea17e739aa451,Francia
5c3ef47d0aee697c1ba7ff07,2015-11-30 18:20:22,CLOSED,115.47,pk_f8d4f3d1c2817966984be471,Italia
5c370dfc3e78fa6aacf5cb23,2015-11-30 18:52:14,CLOSED,212.9,pk_19d9ed34a670cbd04543ec35,Espana
5c370dfc3e78fa6aacf5cb24,2015-11-30 19:22:05,CLOSED,222.9,pk_19d9ed34a670cbd04543ec35,Espana
5c3ef3f70aee697c1ba7e934,2015-11-30 21:47:27,CLOSED,473.34,pk_c15afcbd3a31b732f097ba7b,Marruecos
5c3ef8170aee697c1ba843ff,2015-12-01 9:12:27,CLOSED,362.38,pk_317b4fc6fd80a5f8fb2ff216,Espana
5c3ef8170aee697c1ba84400,2015-12-01 10:37:49,CLOSED,470.15,pk_317b4fc6fd80a5f8fb2ff216,Italia
5c3ef47d0aee697c1ba7ff08,2015-12-01 13:26:08,CLOSED,543.25,pk_f8d4f3d1c2817966984be471,Francia
5c3ef8170aee697c1ba84401,2015-12-01 14:20:57,CLOSED,121.48,pk_317b4fc6fd80a5f8fb2ff216,Espana
5c3c56224490281cfd202ded,2015-12-01 15:34:25,CLOSED,160,pk_07225590b8fea17e739aa451,Belgica
5c3ef8170aee697c1ba84402,2015-12-01 16:09:33,CLOSED,195.77,pk_317b4fc6fd80a5f8fb2ff216,Belgica
5c3ef8170aee697c1ba84403,2015-12-01 23:06:48,CLOSED,650.25,pk_317b4fc6fd80a5f8fb2ff216,Espana
5c1a2e1a2dea1c29c61969f8,2015-12-02 12:15:41,CLOSED,323.9,pk_84b75e5fb4e51d491d53e9db,Espana
5c3ef8170aee697c1ba84404,2015-12-02 14:48:08,CLOSED,180.04,pk_317b4fc6fd80a5f8fb2ff216,Italia
5c370dfc3e78fa6aacf5cb26,2015-12-02 15:52:22,CLOSED,203.79,pk_19d9ed34a670cbd04543ec35,Espana
5c347803c3d42e57ea5fe6c7,2015-12-02 17:18:35,CLOSED,217.96,pk_a3aa2fa07c5436f4c8ca1e03,Espana
5c347803c3d42e57ea5fe6c8,2015-12-02 19:23:15,CLOSED,299.99,pk_a3aa2fa07c5436f4c8ca1e03,Belgica
5c3ef6460aee697c1ba82bc8,2015-12-02 22:05:20,CLOSED,340,pk_e1af716f8d336aceb6237bf5,Italia
5c3f16d50aee6922e2ae0f67,2015-12-03 2:00:27,CLOSED,548.04,pk_c876d0d9760c6eb580db6e3f,Espana
5c3ef8170aee697c1ba84405,2015-12-03 11:07:17,CLOSED,131.43,pk_317b4fc6fd80a5f8fb2ff216,Italia
5c3ef8170aee697c1ba84406,2015-12-03 12:52:00,CLOSED,193.35,pk_317b4fc6fd80a5f8fb2ff216,Belgica
5c3ef6460aee697c1ba82bc9,2015-12-03 13:50:56,CLOSED,346.56,pk_e1af716f8d336aceb6237bf5,Espana
5c3ef8170aee697c1ba84407,2015-12-03 16:14:54,CLOSED,179.93,pk_317b4fc6fd80a5f8fb2ff216,Alemania
5c3f47730aee6945b24ccf9a,2015-12-03 17:14:12,CLOSED,619,pk_3c5e8bc924875265f408e2bb,Espana
5c3ef8170aee697c1ba84408,2015-12-03 18:33:19,CLOSED,373.17,pk_317b4fc6fd80a5f8fb2ff216,Francia
5c3ef8170aee697c1ba84409,2015-12-03 20:26:26,CLOSED,618.21,pk_317b4fc6fd80a5f8fb2ff216,Espana
5c370ef03e78fa6aacf5f622,2015-12-04 8:12:58,CLOSED,517.75,pk_c447a91e755425d163df6837,Espana
5c3c4cc14490281cfd1fbac9,2015-12-04 10:19:47,CLOSED,117.85,pk_ead0bcb0b48494683489c4cc,Espana
5c3ef7880aee697c1ba83db4,2015-12-04 14:54:47,CLOSED,535.08,pk_c043467fc2b4369dd6e8b3d3,Francia
5c3ef8170aee697c1ba8440a,2015-12-04 19:29:08,CLOSED,689.03,pk_317b4fc6fd80a5f8fb2ff216,Espana
5c347803c3d42e57ea5fe6c9,2015-12-04 20:31:00,CLOSED,499,pk_a3aa2fa07c5436f4c8ca1e03,Espana
5c3ef7880aee697c1ba83db5,2015-12-04 20:55:49,CLOSED,550.88,pk_c043467fc2b4369dd6e8b3d3,Belgica
5c3ef8170aee697c1ba8435f,2015-08-13 15:05:09,DELINQUENT,171.43,pk_317b4fc6fd80a5f8fb2ff216,Espana
5c3ef9760aee697c1ba856b9,2015-09-11 2:44:41,DELINQUENT,345.43,pk_5e2e5ad149a74fc894daa0a5,Espana
5c3ef8170aee697c1ba843bd,2015-10-26 10:56:00,DELINQUENT,288.63,pk_317b4fc6fd80a5f8fb2ff216,Alemania
5c3ef8170aee697c1ba843c6,2015-10-28 17:02:30,DELINQUENT,209.96,pk_317b4fc6fd80a5f8fb2ff216,Espana
5c3ef8170aee697c1ba843ce,2015-11-03 18:08:30,DELINQUENT,317.55,pk_317b4fc6fd80a5f8fb2ff216,Espana
5c347803c3d42e57ea5fe6b7,2015-11-06 12:12:27,DELINQUENT,493.98,pk_a3aa2fa07c5436f4c8ca1e03,Espana
5c3ef8170aee697c1ba843d4,2015-11-07 17:08:32,DELINQUENT,202.12,pk_317b4fc6fd80a5f8fb2ff216,Francia
5c3ef3f70aee697c1ba7e927,2015-11-11 18:13:06,DELINQUENT,234.57,pk_c15afcbd3a31b732f097ba7b,Francia
5c3ef8170aee697c1ba843de,2015-11-13 10:50:42,DELINQUENT,439.03,pk_317b4fc6fd80a5f8fb2ff216,Francia
5c3c56224490281cfd202de6,2015-11-20 11:01:49,DELINQUENT,129,pk_07225590b8fea17e739aa451,Belgica
5c3c56224490281cfd202de7,2015-11-20 12:12:35,DELINQUENT,235,pk_07225590b8fea17e739aa451,Alemania
5c3ef8170aee697c1ba843ed,2015-11-25 8:40:47,DELINQUENT,313.92,pk_317b4fc6fd80a5f8fb2ff216,Italia
5c36ff3a3e78fa60e0ad6bad,2015-11-26 18:34:46,DELINQUENT,41,pk_736c7094ea96eda38b098f56,Espana
5c347e48c3d42e5b14de7b04,2015-11-29 10:42:19,DELINQUENT,18.14,pk_d3ddf76c585835367a3f43ac,Francia
5c3c4cc14490281cfd1fbac7,2015-11-29 20:49:04,DELINQUENT,60.71,pk_ead0bcb0b48494683489c4cc,Espana
5c370dfc3e78fa6aacf5cb22,2015-11-30 8:58:01,DELINQUENT,1268.31,pk_19d9ed34a670cbd04543ec35,Espana
5c347e48c3d42e5b14de7b06,2015-11-30 13:48:46,DELINQUENT,185.15,pk_d3ddf76c585835367a3f43ac,Francia
5c3c4cc14490281cfd1fbac8,2015-12-02 16:36:34,DELINQUENT,69.95,pk_ead0bcb0b48494683489c4cc,Francia
5c3f16140aee6922e2ae0e6b,2015-12-03 10:24:13,DELINQUENT,105.98,pk_84d7c6866eca6160c4f064fa,Espana
5c3c56224490281cfd202dee,2015-12-03 13:04:05,DELINQUENT,269,pk_07225590b8fea17e739aa451,Espana
5c3f3cb90aee693b32c01248,2015-12-05 8:59:32,DELINQUENT,37.63,pk_aa25728c14b4af87180b3936,Espana
5c3ef8170aee697c1ba8440c,2015-12-05 19:43:29,DELINQUENT,223.03,pk_317b4fc6fd80a5f8fb2ff216,Espana
5c3ef3f70aee697c1ba7e937,2015-12-07 17:46:04,DELINQUENT,668.5,pk_c15afcbd3a31b732f097ba7b,Marruecos
5c370dfc3e78fa6aacf5cb2a,2015-12-10 6:58:47,DELINQUENT,1199,pk_19d9ed34a670cbd04543ec35,Espana
5c3ef8170aee697c1ba84415,2015-12-10 7:21:57,DELINQUENT,342.14,pk_317b4fc6fd80a5f8fb2ff216,Espana
5c370dfc3e78fa6aacf5cb2b,2015-12-10 14:04:22,DELINQUENT,1614.04,pk_19d9ed34a670cbd04543ec35,Espana
5c3ef3f70aee697c1ba7e93c,2015-12-16 20:46:30,DELINQUENT,387.01,pk_c15afcbd3a31b732f097ba7b,Francia
5c3c4d5f4490281cfd1fda57,2015-12-17 17:33:39,DELINQUENT,308.99,pk_0ce3951270159edc24e8270b,Francia
5c1a2d582dea1c29c6194d84,2015-12-18 7:16:16,DELINQUENT,314.9,pk_b9ee4936f19ba28d96f6001e,Francia
5c1a2d582dea1c29c6194d8c,2015-12-18 16:25:03,DELINQUENT,944.71,pk_b9ee4936f19ba28d96f6001e,Espana
5c370ef03e78fa6aacf5f642,2015-12-21 10:09:05,DELINQUENT,1180.7,pk_c447a91e755425d163df6837,Marruecos
5c370dfc3e78fa6aacf5cb44,2015-12-21 16:47:38,DELINQUENT,312.7,pk_19d9ed34a670cbd04543ec35,Espana
5c1a2d582dea1c29c6194d9c,2015-12-22 9:58:00,DELINQUENT,372.85,pk_b9ee4936f19ba28d96f6001e,Espana
5c1a2d582dea1c29c6194da1,2015-12-22 14:52:16,DELINQUENT,414.9,pk_b9ee4936f19ba28d96f6001e,Francia
5c347e48c3d42e5b14de7b09,2015-12-22 15:17:17,DELINQUENT,44.64,pk_d3ddf76c585835367a3f43ac,Francia
5c3ef3f70aee697c1ba7e93e,2015-12-24 15:00:33,DELINQUENT,519.15,pk_c15afcbd3a31b732f097ba7b,Espana
5c1a2d582dea1c29c6194db0,2015-12-26 12:53:50,DELINQUENT,284.9,pk_b9ee4936f19ba28d96f6001e,Marruecos
5c1a2d582dea1c29c6194db3,2015-12-26 16:23:05,DELINQUENT,327.85,pk_b9ee4936f19ba28d96f6001e,Espana
5c3c56224490281cfd202e0f,2015-12-26 22:55:21,DELINQUENT,968,pk_07225590b8fea17e739aa451,Belgica
5c3ef3f70aee697c1ba7e940,2015-12-27 14:47:55,DELINQUENT,467.76,pk_c15afcbd3a31b732f097ba7b,Espana
5c1a2d582dea1c29c6194dba,2015-12-27 17:33:10,DELINQUENT,314.9,pk_b9ee4936f19ba28d96f6001e,Francia
5c1a2d582dea1c29c6194dbc,2015-12-27 22:31:11,DELINQUENT,299.9,pk_b9ee4936f19ba28d96f6001e,Marruecos
5c1a2d582dea1c29c6194dbf,2015-12-28 9:06:53,DELINQUENT,377.85,pk_b9ee4936f19ba28d96f6001e,Italia
5c3ef47d0aee697c1ba7ff0d,2015-12-28 10:15:04,DELINQUENT,2052.54,pk_f8d4f3d1c2817966984be471,Francia
5c1a2d582dea1c29c6194dc5,2015-12-28 13:49:12,DELINQUENT,284.9,pk_b9ee4936f19ba28d96f6001e,Espana
5c3c56224490281cfd202e14,2015-12-28 14:56:30,DELINQUENT,215,pk_07225590b8fea17e739aa451,Espana
5c370dfc3e78fa6aacf5cb5e,2015-12-29 0:31:23,DELINQUENT,607.04,pk_19d9ed34a670cbd04543ec35,Francia
5c3c56224490281cfd202e19,2015-12-30 9:28:05,DELINQUENT,772,pk_07225590b8fea17e739aa451,Belgica
5c1a2d582dea1c29c6194de2,2015-12-30 10:21:03,DELINQUENT,284.9,pk_b9ee4936f19ba28d96f6001e,Alemania
5c1a2d582dea1c29c6194deb,2015-12-30 15:47:23,DELINQUENT,314.9,pk_b9ee4936f19ba28d96f6001e,Francia
5c1a2d582dea1c29c6194df2,2015-12-30 20:08:41,DELINQUENT,284.9,pk_b9ee4936f19ba28d96f6001e,Espana
5c1a2d582dea1c29c6194dfb,2015-12-31 15:36:42,DELINQUENT,284.9,pk_b9ee4936f19ba28d96f6001e,Marruecos
5c1a2d582dea1c29c6194e01,2015-12-31 21:37:02,DELINQUENT,314.9,pk_b9ee4936f19ba28d96f6001e,Francia